"date","adjusted"
"2024-01-02",457.672698974609
"2024-01-03",453.935089111328
"2024-01-04",452.472869873047
"2024-01-05",453.092620849609
"2024-01-08",459.561004638672
"2024-01-09",458.863739013672
"2024-01-10",461.458801269531
"2024-01-11",461.255493164062
"2024-01-12",461.575042724609
"2024-01-16",459.880462646484
"2024-01-17",457.324096679688
"2024-01-18",461.390991210938
"2024-01-19",467.142822265625
"2024-01-22",468.130493164062
"2024-01-23",469.495758056641
"2024-01-24",470.009033203125
"2024-01-25",472.565368652344
"2024-01-26",471.965026855469
"2024-01-29",475.702667236328
"2024-01-30",475.334716796875
"2024-01-31",467.578552246094
"2024-02-01",473.698303222656
"2024-02-02",478.68505859375
"2024-02-05",476.942108154297
"2024-02-06",478.326843261719
"2024-02-07",482.316253662109
"2024-02-08",482.529296875
"2024-02-09",485.318054199219
"2024-02-12",485.10498046875
"2024-02-13",478.423645019531
"2024-02-14",482.771392822266
"2024-02-15",486.102325439453
"2024-02-16",483.681610107422
"2024-02-20",481.018768310547
"2024-02-21",481.454467773438
"2024-02-22",491.418395996094
"2024-02-23",491.75732421875
"2024-02-26",489.956207275391
"2024-02-27",490.866455078125
"2024-02-28",490.217712402344
"2024-02-29",491.980010986328
"2024-03-01",496.598907470703
"2024-03-04",496.066253662109
"2024-03-05",491.108551025391
"2024-03-06",493.597106933594
"2024-03-07",498.496765136719
"2024-03-08",495.504699707031
"2024-03-11",495.078582763672
"2024-03-12",500.404357910156
"2024-03-13",499.619995117188
"2024-03-14",498.632263183594
"2024-03-15",495.208374023438
"2024-03-18",498.151550292969
"2024-03-19",500.919769287109
"2024-03-20",505.552978515625
"2024-03-21",507.223693847656
"2024-03-22",506.262115478516
"2024-03-25",504.863403320312
"2024-03-26",503.930877685547
"2024-03-27",508.165802001953
"2024-03-28",508.068756103516
"2024-04-01",507.184753417969
"2024-04-02",503.960021972656
"2024-04-03",504.513671875
"2024-04-04",498.355499267578
"2024-04-05",503.561767578125
"2024-04-08",503.843383789062
"2024-04-09",504.42626953125
"2024-04-10",499.375457763672
"2024-04-11",503.144134521484
"2024-04-12",496.199188232422
"2024-04-15",489.982757568359
"2024-04-16",489.089080810547
"2024-04-17",486.194549560547
"2024-04-18",485.194122314453
"2024-04-19",480.959136962891
"2024-04-22",485.388366699219
"2024-04-23",491.148315429688
"2024-04-24",490.915191650391
"2024-04-25",489.050231933594
"2024-04-26",493.683441162109
"2024-04-29",495.431823730469
"2024-04-30",487.583557128906
"2024-05-01",486.000305175781
"2024-05-02",490.546112060547
"2024-05-03",496.626556396484
"2024-05-06",501.755157470703
"2024-05-07",502.308807373047
"2024-05-08",502.357421875
"2024-05-09",505.251861572266
"2024-05-10",505.902709960938
"2024-05-13",505.970642089844
"2024-05-14",508.292083740234
"2024-05-15",514.586242675781
"2024-05-16",513.527648925781
"2024-05-17",514.265808105469
"2024-05-20",514.858215332031
"2024-05-21",516.120910644531
"2024-05-22",514.634765625
"2024-05-23",510.875823974609
"2024-05-24",514.256042480469
"2024-05-28",514.615356445312
"2024-05-29",511.011901855469
"2024-05-30",507.621917724609
"2024-05-31",512.245300292969
"2024-06-03",512.663024902344
"2024-06-04",513.236267089844
"2024-06-05",519.335998535156
"2024-06-06",519.326354980469
"2024-06-07",518.695007324219
"2024-06-10",520.297607421875
"2024-06-11",521.550598144531
"2024-06-12",525.834167480469
"2024-06-13",526.892944335938
"2024-06-14",527.213500976562
"2024-06-17",531.409545898438
"2024-06-18",532.759643554688
"2024-06-20",531.312377929688
"2024-06-21",530.60009765625
"2024-06-24",528.875366210938
"2024-06-25",530.911926269531
"2024-06-26",531.574584960938
"2024-06-27",532.41259765625
"2024-06-28",530.317443847656
"2024-07-01",531.408935546875
"2024-07-02",534.985229492188
"2024-07-03",537.37255859375
"2024-07-05",540.471313476562
"2024-07-08",541.095031738281
"2024-07-09",541.621215820312
"2024-07-10",546.980712890625
"2024-07-11",542.264343261719
"2024-07-12",545.684631347656
"2024-07-15",547.185363769531
"2024-07-16",550.430297851562
"2024-07-17",542.712646484375
"2024-07-18",538.541870117188
"2024-07-19",534.965637207031
"2024-07-22",540.481079101562
"2024-07-23",539.63330078125
"2024-07-24",527.403869628906
"2024-07-25",524.655883789062
"2024-07-26",530.531860351562
"2024-07-29",530.843688964844
"2024-07-30",528.154174804688
"2024-07-31",536.739196777344
"2024-08-01",529.138427734375
"2024-08-02",519.286743164062
"2024-08-05",504.163208007812
"2024-08-06",508.811309814453
"2024-08-07",505.410461425781
"2024-08-08",517.094177246094
"2024-08-09",519.374389648438
"2024-08-12",519.647277832031
"2024-08-13",528.193237304688
"2024-08-14",529.859497070312
"2024-08-15",538.94140625
"2024-08-16",540.149658203125
"2024-08-19",545.314331054688
"2024-08-20",544.427673339844
"2024-08-21",546.298522949219
"2024-08-22",542.010925292969
"2024-08-23",547.769958496094
"2024-08-26",546.464233398438
"2024-08-27",547.214599609375
"2024-08-28",544.037841796875
"2024-08-29",544.086547851562
"2024-08-30",549.280395507812
"2024-09-03",537.976745605469
"2024-09-04",536.875549316406
"2024-09-05",535.56982421875
"2024-09-06",526.556030273438
"2024-09-09",532.451599121094
"2024-09-10",534.770690917969
"2024-09-11",540.2568359375
"2024-09-12",544.807678222656
"2024-09-13",547.653015136719
"2024-09-16",548.4619140625
"2024-09-17",548.685913085938
"2024-09-18",547.058776855469
"2024-09-19",556.393859863281
"2024-09-20",555.432067871094
"2024-09-23",556.820129394531
"2024-09-24",558.413269042969
"2024-09-25",557.181640625
"2024-09-26",559.390686035156
"2024-09-27",558.579345703125
"2024-09-30",560.81787109375
"2024-10-01",555.793762207031
"2024-10-02",556.0283203125
"2024-10-03",555.011901855469
"2024-10-04",560.055358886719
"2024-10-07",554.992309570312
"2024-10-08",560.241027832031
"2024-10-09",564.121520996094
"2024-10-10",563.13427734375
"2024-10-11",566.506469726562
"2024-10-14",571.139526367188
"2024-10-15",566.702026367188
"2024-10-16",569.165100097656
"2024-10-17",569.214050292969
"2024-10-18",571.403503417969
"2024-10-21",570.465148925781
"2024-10-22",570.162231445312
"2024-10-23",564.952392578125
"2024-10-24",566.174255371094
"2024-10-25",565.978576660156
"2024-10-28",567.728393554688
"2024-10-29",568.647155761719
"2024-10-30",566.9267578125
"2024-10-31",555.813354492188
"2024-11-01",558.1591796875
"2024-11-04",556.956848144531
"2024-11-05",563.691467285156
"2024-11-06",577.707946777344
"2024-11-07",582.174926757812
"2024-11-08",584.696716308594
"2024-11-11",585.253967285156
"2024-11-12",583.435729980469
"2024-11-13",583.719299316406
"2024-11-14",579.965881347656
"2024-11-15",572.537414550781
"2024-11-18",574.883239746094
"2024-11-19",576.984619140625
"2024-11-20",577.180236816406
"2024-11-21",580.278747558594
"2024-11-22",582.077209472656
"2024-11-25",584.051635742188
"2024-11-26",587.101257324219
"2024-11-27",585.322265625
"2024-11-29",588.958312988281
"2024-12-02",590.013977050781
"2024-12-03",590.287780761719
"2024-12-04",593.953186035156
"2024-12-05",592.975646972656
"2024-12-06",594.099670410156
"2024-12-09",591.040466308594
"2024-12-10",589.202697753906
"2024-12-11",593.757690429688
"2024-12-12",590.698303222656
"2024-12-13",590.580932617188
"2024-12-16",593.102783203125
"2024-12-17",590.6591796875
"2024-12-18",573.055419921875
"2024-12-19",572.879333496094
"2024-12-20",579.76025390625
"2024-12-23",583.232116699219
"2024-12-24",589.714782714844
"2024-12-26",589.753967285156
"2024-12-27",583.545959472656
"2024-12-30",576.886657714844
"2024-12-31",574.788024902344
"2025-01-02",573.375732421875
"2025-01-03",580.544860839844
"2025-01-06",583.88916015625
"2025-01-07",577.288879394531
"2025-01-08",578.132263183594
"2025-01-10",569.305603027344
"2025-01-13",570.188354492188
"2025-01-14",570.972900390625
"2025-01-15",581.35888671875
"2025-01-16",580.240844726562
"2025-01-17",586.066345214844
"2025-01-21",591.431030273438
"2025-01-22",594.755676269531
"2025-01-23",598.001831054688
"2025-01-24",596.256164550781
"2025-01-27",587.821960449219
"2025-01-28",592.872741699219
"2025-01-29",590.214904785156
"2025-01-30",593.382629394531
"2025-01-31",590.224670410156
"2025-02-03",586.252685546875
"2025-02-04",590.185485839844
"2025-02-05",592.578430175781
"2025-02-06",594.638000488281
"2025-02-07",589.194946289062
"2025-02-10",593.196350097656
"2025-02-11",593.6474609375
"2025-02-12",591.734985351562
"2025-02-13",597.982238769531
"2025-02-14",597.952880859375
"2025-02-18",599.708374023438
"2025-02-19",601.12060546875
"2025-02-20",598.619750976562
"2025-02-21",588.380859375
"2025-02-24",585.703552246094
"2025-02-25",582.790710449219
"2025-02-26",583.084899902344
"2025-02-27",573.77783203125
"2025-02-28",582.73193359375
"2025-03-03",572.5224609375
"2025-03-04",565.745666503906
"2025-03-05",571.826171875
"2025-03-06",561.675537109375
"2025-03-07",564.82373046875
"2025-03-10",549.779235839844
"2025-03-11",545.209045410156
"2025-03-12",548.102172851562
"2025-03-13",540.795715332031
"2025-03-14",551.96630859375
"2025-03-17",556.222778320312
"2025-03-18",550.210815429688
"2025-03-19",556.203186035156
"2025-03-20",554.5947265625
"2025-03-21",554.777648925781
"2025-03-24",564.712890625
"2025-03-25",566.070373535156
"2025-03-26",559.312438964844
"2025-03-27",557.827087402344
"2025-03-28",546.593322753906
"2025-03-31",550.262512207031
"2025-04-01",551.816711425781
"2025-04-02",555.308837890625
"2025-04-03",527.942810058594
"2025-04-04",497.035430908203
"2025-04-07",496.150146484375
"2025-04-08",488.379058837891
"2025-04-09",539.668334960938
"2025-04-10",516.0205078125
"2025-04-11",525.227783203125
"2025-04-14",530.323181152344
"2025-04-15",528.837951660156
"2025-04-16",517.082885742188
"2025-04-17",517.820678710938
"2025-04-21",505.4951171875
"2025-04-22",518.64697265625
"2025-04-23",526.683715820312
"2025-04-24",537.769775390625
"2025-04-25",541.655395507812
"2025-04-28",541.86181640625
"2025-04-29",545.275207519531
"2025-04-30",545.49169921875
"2025-05-01",549.357482910156
"2025-05-02",557.512268066406
"2025-05-05",554.315368652344
"2025-05-06",549.68212890625
"2025-05-07",551.993835449219
"2025-05-08",555.840026855469
"2025-05-09",555.1318359375
"2025-05-12",573.477478027344
"2025-05-13",577.2646484375
"2025-05-14",578.00244140625
"2025-05-15",580.825561523438
"2025-05-16",584.504638671875
"2025-05-19",585.143981933594
"2025-05-20",583.176574707031
"2025-05-21",573.349487304688
"2025-05-22",573.575805664062
"2025-05-23",569.660705566406
"2025-05-27",581.504272460938
"2025-05-28",578.14013671875
"2025-05-29",580.422241210938
"2025-05-30",579.773010253906
"2025-06-02",583.038879394531
"2025-06-03",586.36376953125
"2025-06-04",586.206359863281
"2025-06-05",583.373413085938
"2025-06-06",589.364013671875
"2025-06-09",589.895202636719
"2025-06-10",593.239685058594
"2025-06-11",591.547729492188
"2025-06-12",593.898681640625
"2025-06-13",587.258911132812
"2025-06-16",592.84619140625
"2025-06-17",587.780212402344
"2025-06-18",587.691711425781
"2025-06-20",586.311462402344
"2025-06-23",592.102783203125
"2025-06-24",598.643859863281
"2025-06-25",598.979370117188
"2025-06-26",603.665649414062
"2025-06-27",606.664855957031
"2025-06-30",609.565368652344
"2025-07-01",609.368103027344
"2025-07-02",612.130554199219
"2025-07-03",616.955017089844
"2025-07-07",612.357482910156
"2025-07-08",612.022033691406
"2025-07-09",615.692077636719
"2025-07-10",617.428527832031
"2025-07-11",615.257995605469
"2025-07-14",616.432067871094
"2025-07-15",613.797912597656
"2025-07-16",615.849975585938
"2025-07-17",619.618713378906
"2025-07-18",619.164916992188
"2025-07-21",620.338989257812
"2025-07-22",620.427734375
"2025-07-23",625.706115722656
"2025-07-24",625.913208007812
"2025-07-25",628.557312011719
"2025-07-28",628.399353027344
"2025-07-29",626.742004394531
"2025-07-30",625.952758789062
"2025-07-31",623.604614257812
"2025-08-01",613.383483886719
"2025-08-04",622.706787109375
"2025-08-05",619.549621582031
"2025-08-06",624.295166015625
"2025-08-07",623.772277832031
"2025-08-08",628.63623046875
"2025-08-11",627.393127441406
"2025-08-12",634.072326660156
"2025-08-13",636.242797851562
"2025-08-14",636.302062988281
"2025-08-15",634.812316894531
"2025-08-18",634.674072265625
"2025-08-19",631.23095703125
"2025-08-20",629.5537109375
"2025-08-21",627.028076171875
"2025-08-22",636.6572265625
"2025-08-25",633.855285644531
"2025-08-26",636.509155273438
"2025-08-27",637.95947265625
"2025-08-28",640.21875
"2025-08-29",636.400634765625
"2025-09-02",631.684753417969
"2025-09-03",635.108154296875
"2025-09-04",640.416076660156
"2025-09-05",638.561279296875
"2025-09-08",640.130004882812
"2025-09-09",641.60986328125
"2025-09-10",643.464721679688
"2025-09-11",648.811950683594
"2025-09-12",648.594909667969
"2025-09-15",652.047973632812
"2025-09-16",651.150268554688
"2025-09-17",650.341247558594
"2025-09-18",653.379943847656
"2025-09-19",656.615966796875
"2025-09-22",659.722473144531
"2025-09-23",656.131225585938
"2025-09-24",654.043762207031
"2025-09-25",651.0263671875
"2025-09-26",654.756103515625
"2025-09-29",656.59619140625
"2025-09-30",659.069519042969
"2025-10-01",661.315368652344
"2025-10-02",662.077026367188
"2025-10-03",662.067199707031
"2025-10-06",664.441528320312
"2025-10-07",661.978149414062
"2025-10-08",665.925537109375
"2025-10-09",663.996398925781
"2025-10-10",646.049987792969
"2025-10-13",655.963012695312
"2025-10-14",655.161682128906
"2025-10-15",658.0703125
"2025-10-16",653.588684082031
"2025-10-17",657.298583984375
"2025-10-20",664.134887695312
"2025-10-21",664.124938964844
"2025-10-22",660.672241210938
"2025-10-23",664.589904785156
"2025-10-24",670.021301269531
"2025-10-27",677.926025390625
"2025-10-28",679.726623535156
"2025-10-29",680.053161621094
"2025-10-30",672.573852539062
"2025-10-31",674.780029296875
"2025-11-03",676.046325683594
"2025-11-04",668.032775878906
"2025-11-05",670.347839355469
"2025-11-06",663.155456542969
"2025-11-07",663.808288574219
"2025-11-10",674.166564941406
"2025-11-11",675.710021972656
"2025-11-12",676.085998535156
"2025-11-13",664.867004394531
"2025-11-14",664.758117675781
