"state_code","capital_name","capital_latitude","capital_longitude","id","latitude","longitude","station_name","distance_km","n_tmax"
"AL","Montgomery",32.35,-86.28,"USW00013821",32.3833,-86.35,"MAXWELL FLD",7.54540038892215,0
"AL","Montgomery",32.35,-86.28,"USC00015553",32.26,-86.2181,"MONTGOMERY 6SW",11.5756309664496,365
"AL","Montgomery",32.35,-86.28,"USW00013895",32.2997,-86.4075,"MONTGOMERY AP",13.2215771140815,365
"AL","Montgomery",32.35,-86.28,"USC00018859",32.5936,-86.1664,"WETUMPKA",29.1080410748337,24
"AL","Montgomery",32.35,-86.28,"USC00015439",32.4419,-85.8889,"MILSTEAD",38.1154177455782,59
"AR","Little Rock",34.72,-92.35,"USW00013963",34.7272,-92.2358,"LITTLE ROCK AP ADAMS FLD",10.4676461030213,365
"AR","Little Rock",34.72,-92.35,"USW00003952",34.8364,-92.2622,"LITTLE ROCK",15.2258572300673,365
"AR","Little Rock",34.72,-92.35,"USC00034625",34.8808,-92.3486,"MARCHE",17.8806011439428,365
"AR","Little Rock",34.72,-92.35,"USC00030582",34.5681,-92.6006,"BENTON",28.4752343420332,351
"AR","Little Rock",34.72,-92.35,"USW00003930",34.9167,-92.15,"LITTLE ROCK AFB",28.4907026168798,357
"AZ","Phoenix",33.54,-112.07,"USW00023183",33.4278,-112.0036,"PHOENIX AP",13.9130657984292,365
"AZ","Phoenix",33.54,-112.07,"USW00003192",33.6122,-111.923,"SCOTTSDALE MUNI AP",15.8086782181568,365
"AZ","Phoenix",33.54,-112.07,"USW00003184",33.6903,-112.0661,"PHOENIX DEER VALLEY MUNI AP",16.7164989528426,365
"AZ","Phoenix",33.54,-112.07,"USC00028499",33.4256,-111.9217,"TEMPE ASU",18.7344545935732,310
"AZ","Phoenix",33.54,-112.07,"USW00053156",33.3472,-112.0833,"PHOENIX 7 S",21.4738688728849,151
"CA","Sacramento",38.57,-121.47,"USW00023271",38.5553,-121.4183,"SACRAMENTO 5 ESE",4.78308976052458,365
"CA","Sacramento",38.57,-121.47,"USW00023232",38.5067,-121.4961,"SACRAMENTO AP ASOS",7.395649711129,365
"CA","Sacramento",38.57,-121.47,"USW00023208",38.6667,-121.4,"SACRAMENTO MCCLELLAN AFB",12.353226476183,0
"CA","Sacramento",38.57,-121.47,"USW00023206",38.5667,-121.3,"SACRAMENTO MATHER AFB",14.7842536184921,0
"CA","Sacramento",38.57,-121.47,"USW00093225",38.7006,-121.5947,"SACRAMENTO METRO AP",18.1164476933243,365
"CO","Denver",39.77,-104.87,"USW00023062",39.7633,-104.8694,"DENVER-STAPLETON",0.74676893076632,362
"CO","Denver",39.77,-104.87,"USW00023012",39.7167,-104.9,"DENVER LOWRY AFB",6.45792580659026,0
"CO","Denver",39.77,-104.87,"USC00052228",39.7489,-104.9425,"DENVER MUSEUM",6.62652730795974,359
"CO","Denver",39.77,-104.87,"USW00023036",39.7167,-104.75,"AURORA BUCKLEY FLD ANGB",11.8487186800094,0
"CO","Denver",39.77,-104.87,"USC00052223",39.7294,-105.0086,"DENVER WATER DEPT",12.6800269327123,338
"CT","Hartford",41.77,-72.68,"USW00014752",41.7353,-72.6511,"HARTFORD BRAINARD FLD",4.54259623608198,363
"CT","Hartford",41.77,-72.68,"USW00014740",41.9375,-72.6819,"HARTFORD-BRADLEY INTL AP",18.6258149909957,365
"CT","Hartford",41.77,-72.68,"USC00060973",41.7944,-72.9319,"BURLINGTON",21.0620569813995,365
"CT","Hartford",41.77,-72.68,"USC00060227",41.8417,-73.0086,"BAKERSVILLE",28.379095047362,365
"CT","Hartford",41.77,-72.68,"USC00060299",41.9211,-72.9636,"BARKHAMSTED",28.8817297713062,365
"DE","Dover",39.16,-75.53,"USC00072730",39.1467,-75.5056,"DOVER",2.57170963859124,362
"DE","Dover",39.16,-75.53,"USW00013707",39.1333,-75.4667,"DOVER AFB",6.21383413728498,0
"DE","Dover",39.16,-75.53,"USR0000DPRI",38.8333,-75.3333,"PRIME HOOK DELAWARE",40.1077025313149,365
"DE","Dover",39.16,-75.53,"USC00076102",38.8203,-75.203,"MILTON",47.1752040078699,11
"DE","Dover",39.16,-75.53,"USC00075320",38.7842,-75.1581,"LEWES",52.7236820411797,0
"FL","Tallahassee",30.46,-84.28,"USW00093805",30.3975,-84.3289,"TALLAHASSEE",8.38331167765576,365
"FL","Tallahassee",30.46,-84.28,"USC00088756",30.3964,-84.3558,"TALLAHASSEE AP",10.1406131850489,332
"FL","Tallahassee",30.46,-84.28,"USC00085880",30.4406,-83.9858,"MONTICELLO 10 SW",28.2837132509432,0
"FL","Tallahassee",30.46,-84.28,"USC00087429",30.545,-84.5986,"QUINCY 3 SSW",31.9537076430022,229
"FL","Tallahassee",30.46,-84.28,"USR0000FSTM",30.1333,-84.1333,"ST. MARKS (EAST) FLORIDA",38.9621507335829,365
"GA","Atlanta",33.76,-84.42,"USW00003888",33.7775,-84.5247,"ATLANTA FULTON CO AP",9.87163271504718,365
"GA","Atlanta",33.76,-84.42,"USW00013874",33.6297,-84.4422,"ATLANTA HARTSFIELD-JACKSON INT",14.6335432603791,365
"GA","Atlanta",33.76,-84.42,"USW00053863",33.8783,-84.2981,"ATLANTA DEKALB PEACHTREE AP",17.3162211704607,365
"GA","Atlanta",33.76,-84.42,"USW00013864",33.9167,-84.5167,"MARIETTA DOBBINS AFB",19.5798480881163,0
"GA","Atlanta",33.76,-84.42,"USC00094700",33.5311,-84.3544,"JONESBORO",26.166870434308,153
"IA","Des Moines",41.58,-93.62,"USW00014933",41.5339,-93.6531,"DES MOINES INTL AP",5.81911269378542,365
"IA","Des Moines",41.58,-93.62,"USC00130241",41.7322,-93.65,"ANKENY",17.1064082363052,288
"IA","Des Moines",41.58,-93.62,"USC00132209",41.7367,-93.7236,"DES MOINES WSFO-JOHNSTON",19.4339704240077,364
"IA","Des Moines",41.58,-93.62,"USC00134063",41.3506,-93.5733,"INDIANOLA 1SW",25.8032139157463,358
"IA","Des Moines",41.58,-93.62,"USW00054902",41.5561,-93.2856,"DES MOINES 17 E",27.9462046321942,354
"ID","Boise",43.61,-116.23,"USW00024131",43.5669,-116.2406,"BOISE AIR TERMINAL",4.86794700757504,365
"ID","Boise",43.61,-116.23,"USC00101017",43.7383,-116.2022,"BOISE 7 N",14.4404441493038,350
"ID","Boise",43.61,-116.23,"USC00101018",43.5253,-116.0542,"BOISE LUCKY PEAK DAM",17.0092579403976,321
"ID","Boise",43.61,-116.23,"USS0016F02S",43.76,-116.1,"Bogus Basin",19.6842397277975,365
"ID","Boise",43.61,-116.23,"USC00106305",43.6039,-116.5753,"NAMPA SUGAR FACTORY",27.8100599227711,364
"IL","Springfield",39.78,-89.64,"USC00118186",39.7967,-89.6769,"SPRINGFIELD #2",3.65908293172661,365
"IL","Springfield",39.78,-89.64,"USW00093822",39.8453,-89.6839,"SPRINGFIELD ABRAHAM LINCOLN CA",8.17205190260504,365
"IL","Springfield",39.78,-89.64,"USC00116765",40.0164,-89.8344,"PETERSBURG 1E",31.0804914585504,122
"IL","Springfield",39.78,-89.64,"USC00115841",39.4158,-89.4614,"MORRISONVILLE",43.291843443968,334
"IL","Springfield",39.78,-89.64,"USC00114442",39.7347,-90.1978,"JACKSONVILLE 2E",47.9472082084014,364
"IN","Indianapolis",39.78,-86.15,"USW00053842",39.8247,-86.2958,"INDIANAPOLIS EAGLE CREEK AP",13.4102894179892,364
"IN","Indianapolis",39.78,-86.15,"USW00093819",39.7075,-86.2803,"INDIANAPOLIS",13.7514076886508,365
"IN","Indianapolis",39.78,-86.15,"USC00124260",39.7067,-86.2808,"INDIANAPOLIS WFO",13.838322484557,365
"IN","Indianapolis",39.78,-86.15,"USC00121326",39.88,-86.0514,"CASTLETON 2 S",13.9475265903721,365
"IN","Indianapolis",39.78,-86.15,"USC00121303",39.9617,-86.0586,"CARMEL 3 E",21.6575403287117,329
"KS","Topeka",39.04,-95.69,"USC00148171",39.0722,-95.6303,"TOPEKA - NWS",6.27633908905239,333
"KS","Topeka",39.04,-95.69,"USW00013996",39.0725,-95.6261,"TOPEKA ASOS",6.59565560470681,365
"KS","Topeka",39.04,-95.69,"USW00013920",38.9414,-95.6514,"TOPEKA FORBES FLD",11.4601280174634,364
"KS","Topeka",39.04,-95.69,"USC00146333",39.1175,-95.41,"PERRY LAKE",25.6595145777745,288
"KS","Topeka",39.04,-95.69,"USC00141612",38.9408,-95.3397,"CLINTON LAKE",32.2219951752076,328
"KY","Frankfort",38.2,-84.86,"USW00053841",38.1847,-84.9039,"FRANKFORT CAPITAL CITY AP",4.19682292498574,365
"KY","Frankfort",38.2,-84.86,"USW00063838",38.0944,-84.7464,"VERSAILLES 3 NNW",15.3805691816982,363
"KY","Frankfort",38.2,-84.86,"USW00093820",38.0339,-84.6114,"LEXINGTON BLUEGRASS AP",28.5325514114338,365
"KY","Frankfort",38.2,-84.86,"USC00157950",38.0014,-85.3089,"TAYLORSVILLE LAKE",45.0618257938015,365
"KY","Frankfort",38.2,-84.86,"USC00151998",38.3769,-84.3031,"CYNTHIANA",52.4339304244203,342
"LA","Baton Rouge",30.45,-91.13,"USW00013970",30.5378,-91.1469,"BATON ROUGE METRO AP",9.8962889670163,365
"LA","Baton Rouge",30.45,-91.13,"USC00165620",30.3644,-91.1672,"LSU BEN-HUR FARM",10.1648753526497,365
"LA","Baton Rouge",30.45,-91.13,"USC00161565",30.1981,-91.1256,"CARVILLE 2 SW",28.013185577992,365
"LA","Baton Rouge",30.45,-91.13,"USC00166686",30.7267,-91.3672,"NEW ROADS 5 NE",38.2383344719657,357
"LA","Baton Rouge",30.45,-91.13,"USC00162534",30.0719,-91.0278,"DONALDSONVILLE 4 SW",43.1734085230681,365
"MA","Boston",42.34,-71.02,"USW00014739",42.3606,-71.0097,"BOSTON",2.44199917964938,365
"MA","Boston",42.34,-71.02,"USC00193890",42.3031,-71.1242,"JAMAICA PLAIN",9.49871546658962,358
"MA","Boston",42.34,-71.02,"USC00193624",42.2269,-70.9125,"HINGHAM",15.3742095181395,365
"MA","Boston",42.34,-71.02,"USC00190736",42.2122,-71.1136,"BLUE HILL COOP",16.1631647647697,365
"MA","Boston",42.34,-71.02,"USW00014753",42.2122,-71.1136,"BLUE HILL LCD",16.1631647647697,365
"MD","Annapolis",38.98,-76.49,"USW00013752",38.9914,-76.4892,"ANNAPOLIS US NAVAL ACADEMY ASO",1.26950662882626,365
"MD","Annapolis",38.98,-76.49,"USC00188557",38.9719,-76.3381,"STEVENSVILLE 2SW",13.1617038885929,357
"MD","Annapolis",38.98,-76.49,"USW00093733",39.0833,-76.7667,"FT MEADE TPTN AAF",26.5171455061937,0
"MD","Annapolis",38.98,-76.49,"USW00093721",39.1733,-76.6842,"BALTIMORE-WASHINGTON INTL AP",27.2581443108428,365
"MD","Annapolis",38.98,-76.49,"USC00189070",38.8519,-76.7683,"UPPER MARLBORO 3 NNW",27.9755325809637,365
"ME","Augusta",44.32,-69.77,"USW00014605",44.3161,-69.7969,"AUGUSTA STATE AP",2.18357729226994,365
"ME","Augusta",44.32,-69.77,"USC00173046",44.2203,-69.7889,"GARDINER",11.1878036906131,365
"ME","Augusta",44.32,-69.77,"USC00179151",44.5272,-69.6539,"WATERVILLE TRTMT PLT",24.8159095408818,365
"ME","Augusta",44.32,-69.77,"USC00174745",44.4717,-70.1594,"LIVERMORE FALLS 1 E",35.238004471322,365
"ME","Augusta",44.32,-69.77,"USC00175675",44.0436,-69.5375,"NEWCASTLE",35.893180371852,365
"MI","Lansing",42.71,-84.55,"USW00014836",42.7761,-84.5997,"LANSING CAPITAL CITY AP",8.39610326761659,365
"MI","Lansing",42.71,-84.55,"USC00202437",42.5181,-84.6522,"EATON RAPIDS",22.9186903327848,304
"MI","Lansing",42.71,-84.55,"USC00201476",42.55,-84.825,"CHARLOTTE",28.682467438249,365
"MI","Lansing",42.71,-84.55,"USC00207280",43.0128,-84.5547,"SAINT JOHNS",33.6720029357049,237
"MI","Lansing",42.71,-84.55,"USC00206300",43.0161,-84.18,"OWOSSO WWTP",45.4741933416267,345
"MN","Saint Paul",44.95,-93.1,"USW00014927",44.9322,-93.0558,"ST PAUL DWTN AP",4.002505031003,363
"MN","Saint Paul",44.95,-93.1,"USC00217379",44.9311,-93.1539,"ST PAUL 3SW",4.73438348106976,364
"MN","Saint Paul",44.95,-93.1,"USC00218450",44.9903,-93.18,"U OF MN ST PAUL",7.72578596530461,365
"MN","Saint Paul",44.95,-93.1,"USC00218477",45.0483,-93.0958,"VADNAIS LAKE",10.935448795169,363
"MN","Saint Paul",44.95,-93.1,"USC00214884",44.9786,-93.2469,"LOWER ST ANTHONY FALLS",11.9870023820574,352
"MO","Jefferson City",38.57,-92.19,"USC00234271",38.5847,-92.1831,"JEFFERSON CITY WTP",1.74114111087054,361
"MO","Jefferson City",38.57,-92.19,"USW00003963",38.5944,-92.1567,"JEFFERSON CITY MEM AP",3.96730242562046,364
"MO","Jefferson City",38.57,-92.19,"USW00003945",38.8169,-92.2147,"COLUMBIA RGNL AP",27.5375902484123,364
"MO","Jefferson City",38.57,-92.19,"USC00231189",38.6278,-92.5567,"CALIFORNIA",32.5087573933996,354
"MO","Jefferson City",38.57,-92.19,"USC00233079",38.8483,-91.9419,"FULTON",37.696820973833,356
"MS","Jackson",32.32,-90.21,"USW00013927",32.3375,-90.2214,"JACKSON HAWKINS FLD",2.22123738411738,365
"MS","Jackson",32.32,-90.21,"USW00003940",32.3197,-90.0778,"JACKSON INTL AP",12.4226449211541,365
"MS","Jackson",32.32,-90.21,"USC00226476",32.2061,-90.5133,"OAKLEY EXP STN",31.204236605347,351
"MS","Jackson",32.32,-90.21,"USC00221389",32.6714,-90.0361,"CANTON 4N",42.3409944155813,297
"MS","Jackson",32.32,-90.21,"USR0000MCOP",31.9497,-90.3806,"COPIAH MISSISSIPPI",44.1979517976683,365
"MT","Helena",46.6,-112.03,"USW00024144",46.6044,-111.9892,"HELENA AP ASOS",3.1551838332608,365
"MT","Helena",46.6,-112.03,"USR0000MHEL",46.7186,-112.0017,"HELENA MONTANA",13.3634021208083,365
"MT","Helena",46.6,-112.03,"USC00240375",46.6456,-112.2656,"AUSTIN 1 W",18.6932227936378,132
"MT","Helena",46.6,-112.03,"USS0012C13S",46.44,-112.19,"Frohner Meadow",21.5962011858565,365
"MT","Helena",46.6,-112.03,"USC00248239",46.3731,-112.0225,"TIZER GARDENS",25.2366620194474,348
"NC","Raleigh",35.82,-78.66,"USC00317079",35.7908,-78.6989,"RALEIGH STATE UNIV",4.77999977949163,365
"NC","Raleigh",35.82,-78.66,"USW00013722",35.8922,-78.7819,"RALEIGH AP",13.6067524173993,365
"NC","Raleigh",35.82,-78.66,"USC00311535",35.72,-78.7878,"CARY",16.0183412012134,365
"NC","Raleigh",35.82,-78.66,"USC00313238",35.6708,-78.6608,"GARNER",16.5904401530852,361
"NC","Raleigh",35.82,-78.66,"USC00312993",35.9808,-78.6528,"FALLS LAKE",17.8919013184523,344
"ND","Bismarck",46.81,-100.77,"USC00320817",46.8339,-100.7969,"BISMARCK 2.4 NNW",3.35436667135615,365
"ND","Bismarck",46.81,-100.77,"USC00320818",46.7717,-100.7592,"BISMARCK WFO",4.33740985003784,364
"ND","Bismarck",46.81,-100.77,"USW00024011",46.7708,-100.7606,"BISMARCK",4.41719754938875,365
"ND","Bismarck",46.81,-100.77,"USC00325479",46.8128,-100.9097,"MANDAN EXP STN",10.6360109668442,348
"ND","Bismarck",46.81,-100.77,"USC00321456",47.0644,-101.2119,"CENTER 4SE",43.8845287115295,0
"NE","Lincoln",40.82,-96.69,"USW00014939",40.8478,-96.7647,"LINCOLN AP",7.0036885282218,365
"NE","Lincoln",40.82,-96.69,"USW00094995",40.8483,-96.565,"LINCOLN 8 ENE",10.9770557499869,363
"NE","Lincoln",40.82,-96.69,"USC00257055",40.9536,-96.7442,"RAYMOND 2E",15.5386479818267,361
"NE","Lincoln",40.82,-96.69,"USW00094996",40.6953,-96.8542,"LINCOLN 11 SW",19.5841754650065,363
"NE","Lincoln",40.82,-96.69,"USC00252020",40.6092,-96.8719,"CRETE 4ESE",28.00830377379,365
"NH","Concord",43.23,-71.56,"USW00014745",43.205,-71.5025,"CONCORD ASOS",5.42571715708926,365
"NH","Concord",43.23,-71.56,"USC00274218",43.1889,-71.7461,"HOPKINTON LAKE",15.7596684458199,261
"NH","Concord",43.23,-71.56,"USC00277833",43.3544,-71.7364,"SALISBURY",19.8789523749274,0
"NH","Concord",43.23,-71.56,"USC00278973",43.0989,-71.7572,"WEARE 2 NE",21.6405043743206,350
"NH","Concord",43.23,-71.56,"USC00273182",43.4703,-71.6536,"FRANKLIN FALLS DAM",27.7712929450093,324
"NJ","Trenton",40.22,-74.76,"USW00014792",40.2769,-74.8158,"TRENTON-MERCER AP",7.90302791864052,365
"NJ","Trenton",40.22,-74.76,"USC00288880",40.285,-74.8419,"EWING 3 WNW",10.0273240978508,0
"NJ","Trenton",40.22,-74.76,"USC00283951",40.2664,-74.5642,"HIGHTSTOWN 2 W",17.4012146507869,358
"NJ","Trenton",40.22,-74.76,"USC00286964",40.0136,-74.8181,"PHILADELPHIA/MT HOLLY WFO",23.4763706151879,365
"NJ","Trenton",40.22,-74.76,"USC00289363",40.4519,-74.7792,"WERTSVILLE 4 NE",25.8374052117342,364
"NM","Santa Fe",35.68,-105.95,"USC00298085",35.6194,-105.9753,"SANTA FE 2",7.11562275100358,358
"NM","Santa Fe",35.68,-105.95,"USC00298088",35.6008,-105.9322,"SANTA FE SETON",8.95233227609453,365
"NM","Santa Fe",35.68,-105.95,"USS0005P04S",35.7,-105.81,"Elk Cabin",12.8376171408513,364
"NM","Santa Fe",35.68,-105.95,"USW00023049",35.6108,-106.0958,"SANTA FE CO MUNI AP",15.2571463611561,365
"NM","Santa Fe",35.68,-105.95,"USS0005P09S",35.77,-105.78,"Santa Fe",18.320859631357,365
"NV","Carson City",39.15,-119.74,"USC00261485",39.1253,-119.7678,"CARSON CITY",3.6458273987925,364
"NV","Carson City",39.15,-119.74,"USS0019K04S",39.16,-119.9,"Marlette Lake",13.8407473006842,365
"NV","Carson City",39.15,-119.74,"USC00265194",39.02,-119.7089,"MINDEN 6 NE",14.7024534886974,365
"NV","Carson City",39.15,-119.74,"USR0000NLIT",39.2444,-119.8808,"LITTLE VALLEY NEVADA",16.0436081819586,365
"NV","Carson City",39.15,-119.74,"USS0019k03S",39.25,-119.88,"Little Valley",16.4066418023798,364
"NY","Albany",42.67,-73.8,"USW00014735",42.7472,-73.7992,"ALBANY INTL AP",8.58449720237262,365
"NY","Albany",42.67,-73.8,"USC00308600",42.7511,-73.685,"TROY L&D",13.0233863537215,362
"NY","Albany",42.67,-73.8,"USC00300063",42.4722,-73.9281,"ALCOVE DAM",24.3677840591708,364
"NY","Albany",42.67,-73.8,"USC00305248",42.8503,-73.6094,"MELROSE 1 NE",25.3785054172883,327
"NY","Albany",42.67,-73.8,"USC00302031",42.7672,-74.1711,"DELANSON 2NE",32.1856983414064,326
"OH","Columbus",39.99,-82.99,"USC00331785",40.025,-83.0269,"COLUMBUS WCMH",5.00235058448128,365
"OH","Columbus",39.99,-82.99,"USW00014821",39.9906,-82.8769,"JOHN GLENN INTL AP",9.63548567162546,365
"OH","Columbus",39.99,-82.99,"USC00331783",39.9047,-82.92,"COLUMBUS-VALLEY CROSSING",11.2058668857108,335
"OH","Columbus",39.99,-82.99,"USW00004804",40.0783,-83.0783,"COLUMBUS OHIO STATE UNIV AP",12.3660120472288,365
"OH","Columbus",39.99,-82.99,"USC00338951",40.1267,-82.9442,"WESTERVILLE",15.6921728799248,363
"OK","Oklahoma City",35.47,-97.51,"USW00013967",35.3883,-97.6003,"OKLAHOMA CY WILL ROGERS WORLD",12.2257888842049,365
"OK","Oklahoma City",35.47,-97.51,"USW00013919",35.4167,-97.3833,"OKLAHOMA CITY TINKER AFB",12.9175240572169,0
"OK","Oklahoma City",35.47,-97.51,"USW00003954",35.5411,-97.6472,"OKLAHOMA CITY WILEY POST AP",14.722150030329,334
"OK","Oklahoma City",35.47,-97.51,"USC00348390",35.5422,-97.3414,"SPENCER 2ENE MESONET",17.2442650983045,358
"OK","Oklahoma City",35.47,-97.51,"USC00346382",35.2361,-97.465,"NORMAN 2NW MESONET",26.3267343306645,363
"OR","Salem",44.92,-123.02,"USW00024232",44.905,-123.0011,"SALEM AP (MCNARY FIELD)",2.23540665454059,365
"OR","Salem",44.92,-123.02,"USC00352112",44.9464,-123.2911,"DALLAS 2 NE",21.541477952262,365
"OR","Salem",44.92,-123.02,"USC00357823",45.0058,-122.7739,"SILVERTON",21.5854002285999,365
"OR","Salem",44.92,-123.02,"USC00358095",44.7894,-122.815,"STAYTON",21.7258456901766,365
"OR","Salem",44.92,-123.02,"USC00357809",44.8728,-122.6486,"SILVER CREEK FALLS",29.721739791417,365
"PA","Harrisburg",40.28,-76.88,"USC00363698",40.2817,-76.8706,"HARRISBURG 1 NE",0.819491336067906,365
"PA","Harrisburg",40.28,-76.88,"USW00014751",40.2183,-76.8553,"HARRISBURG CAPITAL CITY AP",7.17383164213234,359
"PA","Harrisburg",40.28,-76.88,"USW00014711",40.1961,-76.7725,"MIDDLETOWN HARRISBURG INTL AP",13.0498382952445,365
"PA","Harrisburg",40.28,-76.88,"USC00362071",40.4608,-76.7486,"DEHART DAM",22.9801600700662,365
"PA","Harrisburg",40.28,-76.88,"USC00361920",40.2258,-77.1894,"CARLISLE WTP",26.939673788105,365
"RI","Providence",41.82,-71.42,"USW00014765",41.7225,-71.4325,"PROVIDENCE",10.8909520806609,365
"RI","Providence",41.82,-71.42,"USC00379423",41.9906,-71.5017,"WOONSOCKET",20.1387560963881,365
"RI","Providence",41.82,-71.42,"USC00375270",41.8564,-71.7333,"N FOSTER 1 E",26.2686148360674,365
"RI","Providence",41.82,-71.42,"USC00377581",41.6267,-71.2092,"TIVERTON",27.713835520034,363
"RI","Providence",41.82,-71.42,"USW00014787",41.53,-71.2833,"NEWPORT STATE AP",34.1868572919033,365
"SC","Columbia",34.04,-80.89,"USC00387666",34.1311,-80.8686,"SANDHILL RSCH - ELGIN",10.3197835515475,353
"SC","Columbia",34.04,-80.89,"USW00003858",33.9667,-80.8,"EASTOVER MCENTIRE ANG",11.6301630053389,0
"SC","Columbia",34.04,-80.89,"USW00053867",33.9719,-80.9939,"COLUMBIA OWENS DWTN AP",12.2092592800226,365
"SC","Columbia",34.04,-80.89,"USC00381944",33.9917,-81.0247,"COLUMBIA UNIV OF SC",13.5268639731341,362
"SC","Columbia",34.04,-80.89,"USW00013883",33.9486,-81.1183,"COLUMBIA",23.3725266539605,365
"SD","Pierre",44.37,-100.34,"USW00024025",44.3819,-100.2864,"PIERRE RGNL AP",4.46081416208544,365
"SD","Pierre",44.37,-100.34,"USC00396170",44.4419,-100.4172,"OAHE DAM",10.0760742787877,0
"SD","Pierre",44.37,-100.34,"USR0000SFOP",44.1153,-100.3014,"FORT PIERRE SOUTH DAKOTA",28.4877750911922,365
"SD","Pierre",44.37,-100.34,"USC00393076",44.2444,-100.6592,"FT PIERRE 17 WSW",28.9857286935829,276
"SD","Pierre",44.37,-100.34,"USC00393077",44.2181,-100.7194,"FT PIERRE 20 SW",34.5991144930586,334
"TN","Nashville",36.17,-86.78,"USC00408238",36.1661,-86.7247,"SHELBY BOTTOMS NATURE CTR",4.98299353788394,356
"TN","Nashville",36.17,-86.78,"USW00013897",36.1106,-86.6881,"NASHVILLE INTL AP",10.5701862722357,365
"TN","Nashville",36.17,-86.78,"USC00406403",36.1136,-86.6781,"NASHVILLE BERRY FLD",11.0931410340927,365
"TN","Nashville",36.17,-86.78,"USC00409431",36.0608,-86.9064,"WARNER PARK",16.623943535871,345
"TN","Nashville",36.17,-86.78,"USC00406803",36.295,-86.655,"OLD HICKORY DAM",17.8575393618219,365
"TX","Austin",30.31,-97.75,"USW00013958",30.3208,-97.7603,"AUSTIN-CAMP MABRY",1.55553770973642,365
"TX","Austin",30.31,-97.75,"USC00410431",30.2247,-97.7328,"AUSTIN 6S",9.62769007974528,242
"TX","Austin",30.31,-97.75,"USC00410433",30.4144,-97.7664,"AUSTIN GREAT HILLS",11.7149024800408,365
"TX","Austin",30.31,-97.75,"USW00013904",30.1831,-97.68,"AUSTIN BERGSTROM INTL AP",15.6308197390802,365
"TX","Austin",30.31,-97.75,"USC00412585",30.2194,-97.9878,"DRIPPING SPRINGS 6 E",24.9614922854597,365
"UT","Salt Lake City",40.78,-111.93,"USC00427606",40.7708,-111.8964,"SALT LAKE TRIAD CTR",3.00855834076416,0
"UT","Salt Lake City",40.78,-111.93,"USW00024127",40.7706,-111.965,"SALT LAKE CITY INTL AP",3.12704616816377,365
"UT","Salt Lake City",40.78,-111.93,"USC00420820",40.8547,-111.8903,"BOUNTIFUL-VAL VERDA",8.95294043496294,181
"UT","Salt Lake City",40.78,-111.93,"USC00421446",40.815,-111.8322,"CITY CREEK WTP",9.1060852410299,365
"UT","Salt Lake City",40.78,-111.93,"USC00420819",40.8911,-111.8503,"BOUNTIFUL BENCH",14.0560758668652,365
"VA","Richmond",37.53,-77.47,"USW00013740",37.5117,-77.3233,"RICHMOND INTL AP",13.0968435276589,365
"VA","Richmond",37.53,-77.47,"USC00447541",37.5442,-77.2758,"SANDSTON",17.1958426628284,365
"VA","Richmond",37.53,-77.47,"USW00093775",37.7092,-77.4347,"ASHLAND HANOVER CO MUNI AP",20.1672240888244,364
"VA","Richmond",37.53,-77.47,"USC00440327",37.7553,-77.485,"ASHLAND",25.0870060541868,365
"VA","Richmond",37.53,-77.47,"USC00444101",37.2992,-77.2775,"HOPEWELL",30.7842166889241,362
"VT","Montpelier",44.26,-72.57,"USC00435273",44.2553,-72.6006,"MONTPELIER 2",2.49235568615528,363
"VT","Montpelier",44.26,-72.57,"USW00094705",44.205,-72.5656,"MONTPELIER AP",6.12575999720235,365
"VT","Montpelier",44.26,-72.57,"USC00436391",44.2764,-72.4153,"PLAINFIELD",12.4521618134199,346
"VT","Montpelier",44.26,-72.57,"USC00435733",44.1647,-72.6567,"NORTHFIELD",12.6507643989987,354
"VT","Montpelier",44.26,-72.57,"USC00439988",44.3747,-72.5822,"WORCESTER 2 W",12.790937132846,362
"WA","Olympia",47.04,-122.89,"USW00024227",46.9736,-122.905,"OLYMPIA AP",7.47043376286661,365
"WA","Olympia",47.04,-122.89,"USW00024201",47.0833,-122.5833,"GRAY AAF",23.7253322094364,0
"WA","Olympia",47.04,-122.89,"USW00094227",47.2383,-123.1414,"SHELTON AP",29.1165667278365,361
"WA","Olympia",47.04,-122.89,"USW00024207",47.15,-122.4833,"TACOMA MCCHORD AFB",33.1278005888447,0
"WA","Olympia",47.04,-122.89,"USW00094274",47.2675,-122.5761,"TACOMA NARROWS AP",34.6889227525642,362
"WI","Madison",43.08,-89.39,"USC00470273",43.0411,-89.4286,"UW ARBORETUM - MADISON",5.34266593113265,361
"WI","Madison",43.08,-89.39,"USW00014837",43.1406,-89.3453,"MADISON DANE CO RGNL AP",7.65329470943442,365
"WI","Madison",43.08,-89.39,"USC00471416",43.0597,-89.4819,"CHARMANY FARM",7.79887196107202,355
"WI","Madison",43.08,-89.39,"USC00478229",42.9111,-89.2131,"STOUGHTON WWTP",23.658103829117,365
"WI","Madison",43.08,-89.39,"USC00470308",43.3042,-89.3453,"ARLINGTON",25.1918936067115,365
"WV","Charleston",38.35,-81.63,"USW00013866",38.3794,-81.5911,"CHARLESTON - YEAGER AP",4.71057705087704,365
"WV","Charleston",38.35,-81.63,"USC00461579",38.3539,-81.71,"CHARLESTON WFO",6.98951614384363,365
"WV","Charleston",38.35,-81.63,"USC00467852",38.3833,-81.8339,"SAINT ALBANS",18.1581373752885,312
"WV","Charleston",38.35,-81.63,"USC00468191",38.5169,-81.6456,"SISSONVILLE 1SW",18.608110371579,358
"WV","Charleston",38.35,-81.63,"USC00465365",38.1933,-81.37,"LONDON LOCKS",28.6141518081594,354
"WY","Cheyenne",41.15,-104.79,"USC00481676",41.1517,-104.8053,"CHEYENNE WFO",1.29490285831628,365
"WY","Cheyenne",41.15,-104.79,"USW00024018",41.1519,-104.8061,"CHEYENNE",1.36446650646655,365
"WY","Cheyenne",41.15,-104.79,"USC00484442",41.15,-105.1667,"HECLA 1E",31.5405409983288,364
"WY","Cheyenne",41.15,-104.79,"USS0005H02S",41.23,-105.38,"Crow Creek",50.164637425165,364
"WY","Cheyenne",41.15,-104.79,"USC00487200",41.625,-104.4944,"PHILLIPS",58.29079186742,365
