"state_code","capital_name","capital_latitude","capital_longitude","id","latitude","longitude","station_name","distance_km","n_tmax","state_name"
"AL","Montgomery",32.35,-86.28,"USC00015553",32.26,-86.2181,"MONTGOMERY 6SW",11.5756309664496,365,"Alabama"
"AR","Little Rock",34.72,-92.35,"USW00013963",34.7272,-92.2358,"LITTLE ROCK AP ADAMS FLD",10.4676461030213,365,"Arkansas"
"AZ","Phoenix",33.54,-112.07,"USW00023183",33.4278,-112.0036,"PHOENIX AP",13.9130657984292,365,"Arizona"
"CA","Sacramento",38.57,-121.47,"USW00023271",38.5553,-121.4183,"SACRAMENTO 5 ESE",4.78308976052458,365,"California"
"CO","Denver",39.77,-104.87,"USW00023062",39.7633,-104.8694,"DENVER-STAPLETON",0.74676893076632,362,"Colorado"
"CT","Hartford",41.77,-72.68,"USW00014752",41.7353,-72.6511,"HARTFORD BRAINARD FLD",4.54259623608198,363,"Connecticut"
"DE","Dover",39.16,-75.53,"USC00072730",39.1467,-75.5056,"DOVER",2.57170963859124,362,"Delaware"
"FL","Tallahassee",30.46,-84.28,"USW00093805",30.3975,-84.3289,"TALLAHASSEE",8.38331167765576,365,"Florida"
"GA","Atlanta",33.76,-84.42,"USW00003888",33.7775,-84.5247,"ATLANTA FULTON CO AP",9.87163271504718,365,"Georgia"
"IA","Des Moines",41.58,-93.62,"USW00014933",41.5339,-93.6531,"DES MOINES INTL AP",5.81911269378542,365,"Iowa"
"ID","Boise",43.61,-116.23,"USW00024131",43.5669,-116.2406,"BOISE AIR TERMINAL",4.86794700757504,365,"Idaho"
"IL","Springfield",39.78,-89.64,"USC00118186",39.7967,-89.6769,"SPRINGFIELD #2",3.65908293172661,365,"Illinois"
"IN","Indianapolis",39.78,-86.15,"USW00053842",39.8247,-86.2958,"INDIANAPOLIS EAGLE CREEK AP",13.4102894179892,364,"Indiana"
"KS","Topeka",39.04,-95.69,"USC00148171",39.0722,-95.6303,"TOPEKA - NWS",6.27633908905239,333,"Kansas"
"KY","Frankfort",38.2,-84.86,"USW00053841",38.1847,-84.9039,"FRANKFORT CAPITAL CITY AP",4.19682292498574,365,"Kentucky"
"LA","Baton Rouge",30.45,-91.13,"USW00013970",30.5378,-91.1469,"BATON ROUGE METRO AP",9.8962889670163,365,"Louisiana"
"MA","Boston",42.34,-71.02,"USW00014739",42.3606,-71.0097,"BOSTON",2.44199917964938,365,"Massachusetts"
"MD","Annapolis",38.98,-76.49,"USW00013752",38.9914,-76.4892,"ANNAPOLIS US NAVAL ACADEMY ASO",1.26950662882626,365,"Maryland"
"ME","Augusta",44.32,-69.77,"USW00014605",44.3161,-69.7969,"AUGUSTA STATE AP",2.18357729226994,365,"Maine"
"MI","Lansing",42.71,-84.55,"USW00014836",42.7761,-84.5997,"LANSING CAPITAL CITY AP",8.39610326761659,365,"Michigan"
"MN","Saint Paul",44.95,-93.1,"USW00014927",44.9322,-93.0558,"ST PAUL DWTN AP",4.002505031003,363,"Minnesota"
"MO","Jefferson City",38.57,-92.19,"USC00234271",38.5847,-92.1831,"JEFFERSON CITY WTP",1.74114111087054,361,"Missouri"
"MS","Jackson",32.32,-90.21,"USW00013927",32.3375,-90.2214,"JACKSON HAWKINS FLD",2.22123738411738,365,"Mississippi"
"MT","Helena",46.6,-112.03,"USW00024144",46.6044,-111.9892,"HELENA AP ASOS",3.1551838332608,365,"Montana"
"NC","Raleigh",35.82,-78.66,"USC00317079",35.7908,-78.6989,"RALEIGH STATE UNIV",4.77999977949163,365,"North Carolina"
"ND","Bismarck",46.81,-100.77,"USC00320817",46.8339,-100.7969,"BISMARCK 2.4 NNW",3.35436667135615,365,"North Dakota"
"NE","Lincoln",40.82,-96.69,"USW00014939",40.8478,-96.7647,"LINCOLN AP",7.0036885282218,365,"Nebraska"
"NH","Concord",43.23,-71.56,"USW00014745",43.205,-71.5025,"CONCORD ASOS",5.42571715708926,365,"New Hampshire"
"NJ","Trenton",40.22,-74.76,"USW00014792",40.2769,-74.8158,"TRENTON-MERCER AP",7.90302791864052,365,"New Jersey"
"NM","Santa Fe",35.68,-105.95,"USC00298085",35.6194,-105.9753,"SANTA FE 2",7.11562275100358,358,"New Mexico"
"NV","Carson City",39.15,-119.74,"USC00261485",39.1253,-119.7678,"CARSON CITY",3.6458273987925,364,"Nevada"
"NY","Albany",42.67,-73.8,"USW00014735",42.7472,-73.7992,"ALBANY INTL AP",8.58449720237262,365,"New York"
"OH","Columbus",39.99,-82.99,"USC00331785",40.025,-83.0269,"COLUMBUS WCMH",5.00235058448128,365,"Ohio"
"OK","Oklahoma City",35.47,-97.51,"USW00013967",35.3883,-97.6003,"OKLAHOMA CY WILL ROGERS WORLD",12.2257888842049,365,"Oklahoma"
"OR","Salem",44.92,-123.02,"USW00024232",44.905,-123.0011,"SALEM AP (MCNARY FIELD)",2.23540665454059,365,"Oregon"
"PA","Harrisburg",40.28,-76.88,"USC00363698",40.2817,-76.8706,"HARRISBURG 1 NE",0.819491336067906,365,"Pennsylvania"
"RI","Providence",41.82,-71.42,"USW00014765",41.7225,-71.4325,"PROVIDENCE",10.8909520806609,365,"Rhode Island"
"SC","Columbia",34.04,-80.89,"USC00387666",34.1311,-80.8686,"SANDHILL RSCH - ELGIN",10.3197835515475,353,"South Carolina"
"SD","Pierre",44.37,-100.34,"USW00024025",44.3819,-100.2864,"PIERRE RGNL AP",4.46081416208544,365,"South Dakota"
"TN","Nashville",36.17,-86.78,"USC00408238",36.1661,-86.7247,"SHELBY BOTTOMS NATURE CTR",4.98299353788394,356,"Tennessee"
"TX","Austin",30.31,-97.75,"USW00013958",30.3208,-97.7603,"AUSTIN-CAMP MABRY",1.55553770973642,365,"Texas"
"UT","Salt Lake City",40.78,-111.93,"USW00024127",40.7706,-111.965,"SALT LAKE CITY INTL AP",3.12704616816377,365,"Utah"
"VA","Richmond",37.53,-77.47,"USW00013740",37.5117,-77.3233,"RICHMOND INTL AP",13.0968435276589,365,"Virginia"
"VT","Montpelier",44.26,-72.57,"USC00435273",44.2553,-72.6006,"MONTPELIER 2",2.49235568615528,363,"Vermont"
"WA","Olympia",47.04,-122.89,"USW00024227",46.9736,-122.905,"OLYMPIA AP",7.47043376286661,365,"Washington"
"WI","Madison",43.08,-89.39,"USC00470273",43.0411,-89.4286,"UW ARBORETUM - MADISON",5.34266593113265,361,"Wisconsin"
"WV","Charleston",38.35,-81.63,"USW00013866",38.3794,-81.5911,"CHARLESTON - YEAGER AP",4.71057705087704,365,"West Virginia"
"WY","Cheyenne",41.15,-104.79,"USC00481676",41.1517,-104.8053,"CHEYENNE WFO",1.29490285831628,365,"Wyoming"
