"id","date","tmax"
"USW00094728",2014-01-01,0.6
"USW00094728",2014-01-02,0.6
"USW00094728",2014-01-03,-7.7
"USW00094728",2014-01-04,-1.6
"USW00094728",2014-01-05,4.4
"USW00094728",2014-01-06,12.8
"USW00094728",2014-01-07,-7.1
"USW00094728",2014-01-08,-5.5
"USW00094728",2014-01-09,0
"USW00094728",2014-01-10,2.8
"USW00094728",2014-01-11,14.4
"USW00094728",2014-01-12,12.2
"USW00094728",2014-01-13,10.6
"USW00094728",2014-01-14,11.1
"USW00094728",2014-01-15,8.3
"USW00094728",2014-01-16,5.6
"USW00094728",2014-01-17,6.7
"USW00094728",2014-01-18,5
"USW00094728",2014-01-19,3.3
"USW00094728",2014-01-20,7.8
"USW00094728",2014-01-21,-0.5
"USW00094728",2014-01-22,-8.2
"USW00094728",2014-01-23,-6.6
"USW00094728",2014-01-24,-6.6
"USW00094728",2014-01-25,-2.1
"USW00094728",2014-01-26,1.1
"USW00094728",2014-01-27,6.7
"USW00094728",2014-01-28,-6
"USW00094728",2014-01-29,-4.9
"USW00094728",2014-01-30,-1
"USW00094728",2014-01-31,3.9
"USW00094728",2014-02-01,7.2
"USW00094728",2014-02-02,13.3
"USW00094728",2014-02-03,6.1
"USW00094728",2014-02-04,1.7
"USW00094728",2014-02-05,1.1
"USW00094728",2014-02-06,0
"USW00094728",2014-02-07,0
"USW00094728",2014-02-08,-1.6
"USW00094728",2014-02-09,-0.5
"USW00094728",2014-02-10,-1.6
"USW00094728",2014-02-11,-3.2
"USW00094728",2014-02-12,-3.8
"USW00094728",2014-02-13,2.2
"USW00094728",2014-02-14,4.4
"USW00094728",2014-02-15,2.8
"USW00094728",2014-02-16,-1
"USW00094728",2014-02-17,0
"USW00094728",2014-02-18,3.9
"USW00094728",2014-02-19,7.2
"USW00094728",2014-02-20,10.6
"USW00094728",2014-02-21,9.4
"USW00094728",2014-02-22,12.2
"USW00094728",2014-02-23,12.2
"USW00094728",2014-02-24,6.7
"USW00094728",2014-02-25,0.6
"USW00094728",2014-02-26,-0.5
"USW00094728",2014-02-27,1.1
"USW00094728",2014-02-28,-4.3
"USW00094728",2014-03-01,2.8
"USW00094728",2014-03-02,4.4
"USW00094728",2014-03-03,0
"USW00094728",2014-03-04,-1.6
"USW00094728",2014-03-05,3.9
"USW00094728",2014-03-06,-0.5
"USW00094728",2014-03-07,2.8
"USW00094728",2014-03-08,13.9
"USW00094728",2014-03-09,6.7
"USW00094728",2014-03-10,10.6
"USW00094728",2014-03-11,18.9
"USW00094728",2014-03-12,13.3
"USW00094728",2014-03-13,0
"USW00094728",2014-03-14,7.8
"USW00094728",2014-03-15,14.4
"USW00094728",2014-03-16,5.6
"USW00094728",2014-03-17,1.7
"USW00094728",2014-03-18,6.1
"USW00094728",2014-03-19,7.8
"USW00094728",2014-03-20,12.2
"USW00094728",2014-03-21,10.6
"USW00094728",2014-03-22,17.2
"USW00094728",2014-03-23,5.6
"USW00094728",2014-03-24,1.7
"USW00094728",2014-03-25,3.9
"USW00094728",2014-03-26,2.2
"USW00094728",2014-03-27,6.7
"USW00094728",2014-03-28,16.7
"USW00094728",2014-03-29,15
"USW00094728",2014-03-30,9.4
"USW00094728",2014-03-31,13.3
"USW00094728",2014-04-01,15.6
"USW00094728",2014-04-02,12.2
"USW00094728",2014-04-03,19.4
"USW00094728",2014-04-04,8.3
"USW00094728",2014-04-05,12.2
"USW00094728",2014-04-06,16.1
"USW00094728",2014-04-07,11.7
"USW00094728",2014-04-08,17.8
"USW00094728",2014-04-09,16.1
"USW00094728",2014-04-10,14.4
"USW00094728",2014-04-11,23.9
"USW00094728",2014-04-12,22.8
"USW00094728",2014-04-13,25
"USW00094728",2014-04-14,23.9
"USW00094728",2014-04-15,17.2
"USW00094728",2014-04-16,9.4
"USW00094728",2014-04-17,8.9
"USW00094728",2014-04-18,9.4
"USW00094728",2014-04-19,20
"USW00094728",2014-04-20,15.6
"USW00094728",2014-04-21,19.4
"USW00094728",2014-04-22,21.7
"USW00094728",2014-04-23,16.1
"USW00094728",2014-04-24,16.7
"USW00094728",2014-04-25,17.2
"USW00094728",2014-04-26,19.4
"USW00094728",2014-04-27,15
"USW00094728",2014-04-28,19.4
"USW00094728",2014-04-29,11.1
"USW00094728",2014-04-30,11.1
"USW00094728",2014-05-01,25.6
"USW00094728",2014-05-02,21.1
"USW00094728",2014-05-03,21.7
"USW00094728",2014-05-04,18.3
"USW00094728",2014-05-05,21.1
"USW00094728",2014-05-06,21.7
"USW00094728",2014-05-07,20.6
"USW00094728",2014-05-08,15
"USW00094728",2014-05-09,17.2
"USW00094728",2014-05-10,28.3
"USW00094728",2014-05-11,27.8
"USW00094728",2014-05-12,29.4
"USW00094728",2014-05-13,22.8
"USW00094728",2014-05-14,21.7
"USW00094728",2014-05-15,21.7
"USW00094728",2014-05-16,20
"USW00094728",2014-05-17,21.1
"USW00094728",2014-05-18,19.4
"USW00094728",2014-05-19,22.2
"USW00094728",2014-05-20,25.6
"USW00094728",2014-05-21,23.3
"USW00094728",2014-05-22,19.4
"USW00094728",2014-05-23,21.7
"USW00094728",2014-05-24,21.1
"USW00094728",2014-05-25,26.7
"USW00094728",2014-05-26,30
"USW00094728",2014-05-27,30
"USW00094728",2014-05-28,17.8
"USW00094728",2014-05-29,18.9
"USW00094728",2014-05-30,23.9
"USW00094728",2014-05-31,22.8
"USW00094728",2014-06-01,25
"USW00094728",2014-06-02,26.7
"USW00094728",2014-06-03,30.6
"USW00094728",2014-06-04,27.8
"USW00094728",2014-06-05,24.4
"USW00094728",2014-06-06,24.4
"USW00094728",2014-06-07,27.8
"USW00094728",2014-06-08,30
"USW00094728",2014-06-09,22.8
"USW00094728",2014-06-10,25
"USW00094728",2014-06-11,21.1
"USW00094728",2014-06-12,22.8
"USW00094728",2014-06-13,26.1
"USW00094728",2014-06-14,23.3
"USW00094728",2014-06-15,26.7
"USW00094728",2014-06-16,27.2
"USW00094728",2014-06-17,31.7
"USW00094728",2014-06-18,31.7
"USW00094728",2014-06-19,25
"USW00094728",2014-06-20,26.1
"USW00094728",2014-06-21,25.6
"USW00094728",2014-06-22,26.1
"USW00094728",2014-06-23,27.2
"USW00094728",2014-06-24,27.2
"USW00094728",2014-06-25,29.4
"USW00094728",2014-06-26,29.4
"USW00094728",2014-06-27,28.3
"USW00094728",2014-06-28,30.6
"USW00094728",2014-06-29,28.3
"USW00094728",2014-06-30,28.9
"USW00094728",2014-07-01,31.7
"USW00094728",2014-07-02,32.8
"USW00094728",2014-07-03,30.6
"USW00094728",2014-07-04,23.3
"USW00094728",2014-07-05,27.2
"USW00094728",2014-07-06,28.9
"USW00094728",2014-07-07,32.2
"USW00094728",2014-07-08,32.8
"USW00094728",2014-07-09,31.1
"USW00094728",2014-07-10,28.3
"USW00094728",2014-07-11,30
"USW00094728",2014-07-12,29.4
"USW00094728",2014-07-13,28.3
"USW00094728",2014-07-14,28.9
"USW00094728",2014-07-15,30
"USW00094728",2014-07-16,27.2
"USW00094728",2014-07-17,27.2
"USW00094728",2014-07-18,27.2
"USW00094728",2014-07-19,24.4
"USW00094728",2014-07-20,26.7
"USW00094728",2014-07-21,29.4
"USW00094728",2014-07-22,30
"USW00094728",2014-07-23,31.1
"USW00094728",2014-07-24,26.7
"USW00094728",2014-07-25,27.8
"USW00094728",2014-07-26,27.2
"USW00094728",2014-07-27,29.4
"USW00094728",2014-07-28,27.8
"USW00094728",2014-07-29,24.4
"USW00094728",2014-07-30,26.7
"USW00094728",2014-07-31,27.8
"USW00094728",2014-08-01,28.9
"USW00094728",2014-08-02,23.3
"USW00094728",2014-08-03,24.4
"USW00094728",2014-08-04,28.9
"USW00094728",2014-08-05,32.2
"USW00094728",2014-08-06,28.3
"USW00094728",2014-08-07,28.3
"USW00094728",2014-08-08,28.3
"USW00094728",2014-08-09,30.6
"USW00094728",2014-08-10,31.1
"USW00094728",2014-08-11,30.6
"USW00094728",2014-08-12,26.1
"USW00094728",2014-08-13,27.8
"USW00094728",2014-08-14,25
"USW00094728",2014-08-15,22.8
"USW00094728",2014-08-16,25.6
"USW00094728",2014-08-17,27.8
"USW00094728",2014-08-18,27.2
"USW00094728",2014-08-19,28.3
"USW00094728",2014-08-20,28.9
"USW00094728",2014-08-21,28.3
"USW00094728",2014-08-22,26.1
"USW00094728",2014-08-23,25
"USW00094728",2014-08-24,26.7
"USW00094728",2014-08-25,31.1
"USW00094728",2014-08-26,31.7
"USW00094728",2014-08-27,32.2
"USW00094728",2014-08-28,27.8
"USW00094728",2014-08-29,26.7
"USW00094728",2014-08-30,26.7
"USW00094728",2014-08-31,32.2
"USW00094728",2014-09-01,31.1
"USW00094728",2014-09-02,33.3
"USW00094728",2014-09-03,30
"USW00094728",2014-09-04,30.6
"USW00094728",2014-09-05,30.6
"USW00094728",2014-09-06,32.8
"USW00094728",2014-09-07,27.2
"USW00094728",2014-09-08,23.9
"USW00094728",2014-09-09,22.8
"USW00094728",2014-09-10,26.7
"USW00094728",2014-09-11,28.3
"USW00094728",2014-09-12,25.6
"USW00094728",2014-09-13,20.6
"USW00094728",2014-09-14,21.7
"USW00094728",2014-09-15,21.7
"USW00094728",2014-09-16,21.1
"USW00094728",2014-09-17,22.8
"USW00094728",2014-09-18,24.4
"USW00094728",2014-09-19,18.9
"USW00094728",2014-09-20,23.9
"USW00094728",2014-09-21,23.9
"USW00094728",2014-09-22,21.7
"USW00094728",2014-09-23,21.7
"USW00094728",2014-09-24,21.7
"USW00094728",2014-09-25,17.8
"USW00094728",2014-09-26,25
"USW00094728",2014-09-27,28.3
"USW00094728",2014-09-28,28.9
"USW00094728",2014-09-29,26.1
"USW00094728",2014-09-30,21.7
"USW00094728",2014-10-01,18.3
"USW00094728",2014-10-02,21.1
"USW00094728",2014-10-03,21.7
"USW00094728",2014-10-04,20.6
"USW00094728",2014-10-05,16.1
"USW00094728",2014-10-06,20.6
"USW00094728",2014-10-07,21.7
"USW00094728",2014-10-08,22.8
"USW00094728",2014-10-09,20
"USW00094728",2014-10-10,17.8
"USW00094728",2014-10-11,15.6
"USW00094728",2014-10-12,17.2
"USW00094728",2014-10-13,18.3
"USW00094728",2014-10-14,24.4
"USW00094728",2014-10-15,25
"USW00094728",2014-10-16,21.7
"USW00094728",2014-10-17,21.7
"USW00094728",2014-10-18,21.1
"USW00094728",2014-10-19,13.3
"USW00094728",2014-10-20,15.6
"USW00094728",2014-10-21,19.4
"USW00094728",2014-10-22,14.4
"USW00094728",2014-10-23,11.7
"USW00094728",2014-10-24,17.2
"USW00094728",2014-10-25,19.4
"USW00094728",2014-10-26,17.2
"USW00094728",2014-10-27,17.2
"USW00094728",2014-10-28,22.2
"USW00094728",2014-10-29,22.2
"USW00094728",2014-10-30,15
"USW00094728",2014-10-31,12.8
"USW00094728",2014-11-01,8.3
"USW00094728",2014-11-02,8.9
"USW00094728",2014-11-03,16.1
"USW00094728",2014-11-04,20
"USW00094728",2014-11-05,17.8
"USW00094728",2014-11-06,13.9
"USW00094728",2014-11-07,11.7
"USW00094728",2014-11-08,8.9
"USW00094728",2014-11-09,13.9
"USW00094728",2014-11-10,16.1
"USW00094728",2014-11-11,17.8
"USW00094728",2014-11-12,18.3
"USW00094728",2014-11-13,8.9
"USW00094728",2014-11-14,5.6
"USW00094728",2014-11-15,5.6
"USW00094728",2014-11-16,7.2
"USW00094728",2014-11-17,11.1
"USW00094728",2014-11-18,7.2
"USW00094728",2014-11-19,2.2
"USW00094728",2014-11-20,7.2
"USW00094728",2014-11-21,2.8
"USW00094728",2014-11-22,6.7
"USW00094728",2014-11-23,13.9
"USW00094728",2014-11-24,20.6
"USW00094728",2014-11-25,20
"USW00094728",2014-11-26,10.6
"USW00094728",2014-11-27,3.3
"USW00094728",2014-11-28,2.8
"USW00094728",2014-11-29,7.2
"USW00094728",2014-11-30,12.8
"USW00094728",2014-12-01,18.3
"USW00094728",2014-12-02,6.1
"USW00094728",2014-12-03,7.8
"USW00094728",2014-12-04,7.2
"USW00094728",2014-12-05,6.7
"USW00094728",2014-12-06,10
"USW00094728",2014-12-07,5.6
"USW00094728",2014-12-08,2.8
"USW00094728",2014-12-09,5.6
"USW00094728",2014-12-10,4.4
"USW00094728",2014-12-11,3.3
"USW00094728",2014-12-12,3.3
"USW00094728",2014-12-13,6.7
"USW00094728",2014-12-14,7.8
"USW00094728",2014-12-15,8.9
"USW00094728",2014-12-16,9.4
"USW00094728",2014-12-17,12.2
"USW00094728",2014-12-18,5.6
"USW00094728",2014-12-19,3.3
"USW00094728",2014-12-20,0.6
"USW00094728",2014-12-21,2.2
"USW00094728",2014-12-22,6.7
"USW00094728",2014-12-23,7.8
"USW00094728",2014-12-24,14.4
"USW00094728",2014-12-25,16.7
"USW00094728",2014-12-26,10
"USW00094728",2014-12-27,12.8
"USW00094728",2014-12-28,12.2
"USW00094728",2014-12-29,6.7
"USW00094728",2014-12-30,1.1
"USW00094728",2014-12-31,0
