"month","C","P","bill","stock"
"2007-01",11181,203.437,4.98,100.284957885742
"2007-02",11178.2,204.226,5.03,98.3176193237305
"2007-03",11190.7,205.288,4.94,99.4570083618164
"2007-04",11201.5,205.904,4.87,103.862518310547
"2007-05",11218,206.755,4.73,107.385627746582
"2007-06",11218.5,207.234,4.61,105.815467834473
"2007-07",11252.6,207.603,4.82,102.502372741699
"2007-08",11300.1,207.667,4.2,103.817810058594
"2007-09",11309.6,208.547,3.89,107.837005615234
"2007-10",11318.6,209.19,3.9,109.300033569336
"2007-11",11342.2,210.834,3.27,105.066543579102
"2007-12",11335.1,211.445,3,103.883422851562
"2008-01",11333.2,212.174,2.75,97.6025085449219
"2008-02",11293.9,212.687,2.12,95.080192565918
"2008-03",11322.1,213.448,1.26,94.2300033569336
"2008-04",11340.5,213.942,1.29,98.72119140625
"2008-05",11361.6,215.208,1.73,100.213508605957
"2008-06",11340.7,217.463,1.86,91.8381271362305
"2008-07",11286,219.016,1.63,91.0128707885742
"2008-08",11284.7,218.69,1.72,92.4193878173828
"2008-09",11209.7,218.877,1.13,83.7159118652344
"2008-10",11192.5,216.995,0.67,69.8871383666992
"2008-11",11158.2,213.153,0.19,65.0224990844727
"2008-12",11125.8,211.398,0.03,65.659538269043
"2009-01",11176.3,211.933,0.13,60.2679328918457
"2009-02",11130.5,212.705,0.3,53.7921752929688
"2009-03",11084.6,212.495,0.21,58.2736549377441
"2009-04",11068,212.709,0.16,64.0629272460938
"2009-05",11078.1,213.022,0.18,67.8076553344727
"2009-06",11081.1,214.79,0.18,67.7632217407227
"2009-07",11118.1,214.726,0.18,72.8187408447266
"2009-08",11218,215.445,0.17,75.5086441040039
"2009-09",11114.6,215.861,0.12,78.1859893798828
"2009-10",11127.1,216.509,0.07,76.6828308105469
"2009-11",11109.4,217.234,0.05,81.4070053100586
"2009-12",11177.3,217.347,0.05,82.9619522094727
"2010-01",11156.8,217.488,0.06,79.9469223022461
"2010-02",11198.6,217.281,0.11,82.4408264160156
"2010-03",11252.1,217.353,0.15,87.4598083496094
"2010-04",11275.1,217.403,0.16,88.8128280639648
"2010-05",11303.2,217.29,0.16,81.756217956543
"2010-06",11330.6,217.199,0.12,77.5260848999023
"2010-07",11361.7,217.605,0.16,82.821159362793
"2010-08",11389.2,217.923,0.16,79.0958023071289
"2010-09",11399.9,218.275,0.15,86.1792297363281
"2010-10",11428.9,219.035,0.13,89.4714508056641
"2010-11",11458,219.59,0.14,89.4714508056641
"2010-12",11473.2,220.472,0.14,95.4528045654297
"2011-01",11486,221.187,0.15,97.6769409179688
"2011-02",11482.8,221.898,0.13,101.069953918457
"2011-03",11522.6,223.046,0.1,101.082069396973
"2011-04",11508.9,224.093,0.06,104.009559631348
"2011-05",11495.6,224.806,0.04,102.843147277832
"2011-06",11522.3,224.806,0.04,101.108200073242
"2011-07",11542.3,225.395,0.04,99.085563659668
"2011-08",11535.3,226.106,0.02,93.6382904052734
"2011-09",11554.3,226.597,0.01,87.1378555297852
"2011-10",11575.1,226.75,0.02,96.6486892700195
"2011-11",11555.7,227.169,0.01,96.2559204101562
"2011-12",11560.9,227.223,0.01,97.2616577148438
"2012-01",11605.5,227.842,0.03,101.772102355957
"2012-02",11675.8,228.329,0.09,106.189575195312
"2012-03",11660.5,228.807,0.08,109.605018615723
"2012-04",11671.4,229.187,0.08,108.873374938965
"2012-05",11672,228.713,0.09,102.334861755371
"2012-06",11659.9,228.524,0.09,106.487739562988
"2012-07",11684.4,228.59,0.1,107.74747467041
"2012-08",11686.7,229.918,0.1,110.446792602539
"2012-09",11703.2,231.015,0.11,113.246719360352
"2012-10",11702.3,231.638,0.1,111.185836791992
"2012-11",11753.4,231.249,0.09,111.815093994141
"2012-12",11758.3,231.221,0.07,112.81413269043
"2013-01",11810.6,231.679,0.07,118.589111328125
"2013-02",11808.6,232.937,0.1,120.102127075195
"2013-03",11823.8,232.282,0.09,124.662643432617
"2013-04",11826.4,231.797,0.06,127.057632446289
"2013-05",11860.1,231.893,0.04,130.057418823242
"2013-06",11857.7,232.445,0.05,128.321929931641
"2013-07",11872.3,232.9,0.04,134.953186035156
"2013-08",11890.3,233.456,0.04,130.90559387207
"2013-09",11926.1,233.544,0.02,135.048294067383
"2013-10",11964.6,233.669,0.05,141.301940917969
"2013-11",12013.7,234.1,0.07,145.489791870117
"2013-12",12024.7,234.719,0.07,149.261810302734
"2014-01",11985,235.288,0.04,144.000640869141
"2014-02",12039.4,235.547,0.05,150.554885864258
"2014-03",12108.3,236.028,0.05,151.803848266602
"2014-04",12128.1,236.468,0.03,152.859100341797
"2014-05",12154.5,236.918,0.03,156.406372070312
"2014-06",12197.1,237.231,0.04,159.635391235352
"2014-07",12223.6,237.498,0.03,157.490264892578
"2014-08",12306.5,237.46,0.03,163.705383300781
"2014-09",12310.2,237.477,0.02,161.446929931641
"2014-10",12389.1,237.43,0.02,165.249114990234
"2014-11",12420.6,236.983,0.02,169.788848876953
"2014-12",12455.1,236.252,0.03,169.358139038086
"2015-01",12484.7,234.747,0.03,164.340194702148
"2015-02",12514.1,235.342,0.02,173.576858520508
"2015-03",12551.8,235.976,0.03,170.850738525391
"2015-04",12574.8,236.222,0.02,172.530883789062
"2015-05",12612.7,237.001,0.02,174.748916625977
"2015-06",12621.6,237.657,0.02,171.199417114258
"2015-07",12668.4,238.034,0.03,175.066741943359
"2015-08",12699.7,238.033,0.07,164.396331787109
"2015-09",12707.2,237.498,0.02,160.201629638672
"2015-10",12715.9,237.733,0.02,173.82829284668
"2015-11",12737,238.017,0.12,174.46369934082
"2015-12",12777.3,237.761,0.23,171.448516845703
"2016-01",12798.7,237.652,0.26,162.912658691406
"2016-02",12884,237.336,0.31,162.778121948242
"2016-03",12836.1,238.08,0.29,173.727569580078
"2016-04",12870.2,238.992,0.23,174.412292480469
"2016-05",12891.2,239.557,0.27,177.379333496094
"2016-06",12948.6,240.222,0.27,177.995880126953
"2016-07",12972.2,240.101,0.3,184.487533569336
"2016-08",12986.1,240.545,0.3,184.708480834961
"2016-09",13020.9,241.176,0.29,184.719253540039
"2016-10",13014.9,241.741,0.33,181.516723632812
"2016-11",13036.8,242.026,0.45,188.203521728516
"2016-12",13128.5,242.637,0.51,192.018798828125
"2017-01",13136.3,243.618,0.51,195.454818725586
"2017-02",13143.4,244.006,0.52,203.134582519531
"2017-03",13201.7,243.892,0.74,203.388412475586
"2017-04",13206.1,244.193,0.8,205.407363891602
"2017-05",13214.5,244.004,0.89,208.306198120117
"2017-06",13256.7,244.163,0.98,209.634185791016
"2017-07",13290.1,244.243,1.07,213.943084716797
"2017-08",13291.7,245.183,1.01,214.567276000977
"2017-09",13364.4,246.435,1.03,218.890670776367
"2017-10",13377,246.626,1.07,224.04866027832
"2017-11",13450.3,247.284,1.23,230.896835327148
"2017-12",13555.4,247.805,1.32,233.697219848633
"2018-01",13541.3,248.859,1.41,246.8681640625
"2018-02",13547.3,249.529,1.57,237.89192199707
"2018-03",13586.5,249.577,1.7,231.371170043945
"2018-04",13598.7,250.227,1.76,232.567001342773
"2018-05",13640.5,250.792,1.86,238.220443725586
"2018-06",13653.7,251.018,1.9,239.590423583984
"2018-07",13682.7,251.214,1.96,248.46647644043
"2018-08",13711.5,251.663,2.03,256.397430419922
"2018-09",13687.1,252.182,2.13,257.921875
"2018-10",13727.1,252.772,2.25,240.098373413086
"2018-11",13800.3,252.594,2.33,244.551986694336
"2018-12",13682.3,252.767,2.37,223.019561767578
"2019-01",13721.7,252.561,2.37,240.875732421875
"2019-02",13728.5,253.319,2.39,248.683975219727
"2019-03",13824.8,254.277,2.4,253.185256958008
"2019-04",13825.9,255.233,2.38,263.528442382812
"2019-05",13877.1,255.296,2.35,246.722900390625
"2019-06",13924.1,255.213,2.17,263.891540527344
"2019-07",13989.9,255.802,2.1,267.881469726562
"2019-08",14043.6,256.036,1.95,263.396209716797
"2019-09",14066.2,256.43,1.89,268.521392822266
"2019-10",14067.2,257.155,1.65,274.456909179688
"2019-11",14142.8,257.879,1.54,284.391784667969
"2019-12",14165.7,258.63,1.54,292.654937744141
"2020-01",14230.7,259.127,1.52,292.536773681641
"2020-02",14181.4,259.25,1.52,269.377838134766
"2020-03",13249.1,258.076,0.29,235.740249633789
"2020-04",11798.6,256.032,0.14,265.675384521484
"2020-05",12780.5,255.802,0.13,278.333526611328
"2020-06",13476.8,257.042,0.16,283.269653320312
"2020-07",13683.5,258.352,0.13,299.951995849609
"2020-08",13793,259.316,0.1,320.8876953125
"2020-09",13964.6,259.997,0.11,308.872528076172
"2020-10",14007.1,260.319,0.1,301.171295166016
"2020-11",13970.3,260.911,0.09,333.931610107422
"2020-12",14026.7,262.045,0.09,346.303192138672
"2021-01",14215.2,262.687,0.08,342.774261474609
"2021-02",14073.1,263.579,0.04,352.305267333984
"2021-03",14682.2,264.961,0.03,368.299713134766
"2021-04",14801.6,266.614,0.02,387.786590576172
"2021-05",14782.2,268.383,0.02,390.332916259766
"2021-06",14899.5,270.654,0.04,399.087036132812
"2021-07",14878.5,271.903,0.05,408.829742431641
"2021-08",14972.2,272.676,0.05,420.996398925781
"2021-09",15002.1,273.91,0.04,401.375701904297
"2021-10",15094.3,276.55,0.05,429.537567138672
"2021-11",15118,278.919,0.05,426.086364746094
"2021-12",15062.3,280.845,0.06,445.791931152344
"2022-01",15085.8,282.543,0.15,422.280303955078
"2022-02",15079.5,284.5,0.33,409.815826416016
"2022-03",15152.9,287.674,0.44,425.220977783203
"2022-04",15244.4,288.561,0.76,387.899719238281
"2022-05",15225.4,291.298,0.98,388.775390625
"2022-06",15222.2,294.957,1.49,356.716735839844
"2022-07",15217.9,294.913,2.23,389.56591796875
"2022-08",15290.7,295.097,2.63,373.670806884766
"2022-09",15313.2,296.349,3.13,339.126525878906
"2022-10",15341.8,298.007,3.72,366.689208984375
"2022-11",15289.6,298.786,4.15,387.074035644531
"2022-12",15278.5,298.832,4.25,364.767608642578
"2023-01",15483.1,300.42,4.54,387.706848144531
"2023-02",15463.6,301.45,4.65,377.958984375
"2023-03",15459.9,301.821,4.69,391.972717285156
"2023-04",15495.1,302.845,4.92,398.234497070312
"2023-05",15490.6,303.334,5.14,400.072875976562
"2023-06",15525.2,304.014,5.16,425.997528076172
"2023-07",15586.4,304.609,5.25,439.941802978516
"2023-08",15602.4,306.082,5.3,432.791870117188
"2023-09",15638.6,307.276,5.32,412.262573242188
"2023-10",15680.8,307.696,5.34,403.312957763672
"2023-11",15733.4,308.148,5.27,440.153076171875
"2023-12",15780.4,308.741,5.24,460.248443603516
"2024-01",15744.7,309.698,5.22,467.578521728516
"2024-02",15801.8,310.967,5.24,491.980010986328
"2024-03",15854,312.345,5.24,508.068664550781
"2024-04",15884.2,313.023,5.24,487.583587646484
"2024-05",15960.6,313.175,5.25,512.245361328125
"2024-06",16013,313.044,5.24,530.317504882812
"2024-07",16058.8,313.569,5.2,536.739196777344
"2024-08",16071.4,314.062,5.05,549.280456542969
"2024-09",16165.2,314.732,4.72,560.817810058594
"2024-10",16185.1,315.631,4.51,555.813354492188
"2024-11",16246.1,316.528,4.42,588.958312988281
"2024-12",16370.1,317.604,4.27,574.788024902344
