"V1","V2"
1.30627757215908,0.938075923010704
0.68180407354301,1.10466285460761
0.679597515327268,-0.98337286902273
1.12133331423234,-1.11382715207418
0.657713055354331,-0.217891581686239
-0.678663652292973,-0.977590213094252
-0.896482088574906,0.75904071544389
-1.88243139035478,0.247515687569132
-0.0480518181491012,1.2380588864447
-0.364241991753496,0.37746930765668
-0.188913851935075,-0.0955161263942715
-0.338273675533695,0.581882899726599
-0.0194704352999158,-0.670955420373114
-0.652025996969178,0.228026597344729
-1.4429559028971,-0.140354483482285
0.0217309142133933,0.813886901033061
1.29462841354358,0.992472160138402
0.692992511874364,-0.191952666570501
0.504227538525557,1.18155066237893
-0.398526948718463,0.165300004565949
-1.89269102463062,0.836008655083555
-2.11394266321627,-0.411761970542287
-1.51490757831473,-0.125488374227114
-3.18249424857499,-0.413564230669944
-1.97203734836514,0.029600854868329
-0.147226153910233,1.27817552745234
-0.699879590492149,-0.000618051845626799
0.39178240201206,-1.60400674386738
-1.89183324234981,-0.820872068930798
0.635273151760234,1.25463187532734
0.876892542398148,0.980573712302383
1.28530725373493,0.314130008527026
1.8039296546938,0.697960589203155
2.90755988735005,0.527119765954353
0.0827888353939226,-2.52507484650145
1.39831361119602,-0.101375680368586
1.1430862510091,-0.463425556371105
-0.0188722908163849,1.10065505882225
1.17764076626382,0.784503533541631
1.22796238397565,1.76614729933026
0.448969662977796,-0.141381142315117
0.291001108345682,0.0703596954806088
1.27452196353175,1.12987448545721
1.4449577229189,0.879298288482578
0.18164192333981,-0.686236153797124
-1.63633405727004,-0.664528411988541
-1.15011786345034,-0.42471467970902
-1.49971594799426,-1.84195657807061
-0.515103548308677,-1.80352977434674
-1.55045163530513,-1.29043944895573
0.263047742170973,0.473779328892857
0.745443837808021,-0.613416103718264
1.26280193372073,0.380361937300228
1.49737766764345,-0.763426339576698
1.88633367286555,0.104848827678607
0.53828794109604,-0.81641334479271
-0.139170697018437,-0.479544117200381
-0.189724579026247,0.109445248255857
0.395820490897901,1.47551890230482
-1.00651096366494,-1.51560058524796
-0.589879751483287,0.654125102440142
0.234124665684822,0.656102647331101
2.25869924904944,0.879610368325682
0.935983790824164,1.3686273809637
2.35981532776883,1.35121930767441
0.960534932548887,0.786471065245044
1.76189071716622,2.12137614782421
0.966091441672623,-0.695433146816292
1.13527792948658,1.93256346158477
-0.704882706061047,-1.3776876986375
0.777949194001874,0.984787738886993
-0.350500773612902,0.559462950461914
2.05877935674061,1.40072278072904
2.06739732335464,-0.950862525444785
1.33202953089331,-0.254778435590467
3.0191702236312,0.669775914529872
1.38628427257839,-0.239450098495121
2.24546151077284,-0.0671627916956958
-2.13637383410603,-2.09762057885697
-0.499336792352523,-0.370199964570745
-1.03349495068513,-0.206063437531024
0.989235200870413,1.15406103526791
0.414342016928622,0.814563544062543
-0.0880537960411981,-0.992983271531249
-0.725991912752237,0.166549127292705
-1.1951000960406,0.324398827876707
0.900542398473929,2.19344122787117
1.33100867208157,0.125840914282645
0.975141619820136,0.84054132050957
-0.561318895645064,-1.42608285678718
-1.93767855286676,-0.20953550622759
0.367231570284977,1.24596988282715
1.99542114242498,-0.402273202906871
0.168261154251138,0.41477855591842
0.551171044455737,1.1912660973895
2.71130339157972,1.47220492010706
1.90658248812385,0.646747794288123
1.86837781550932,-0.00455761772009583
1.58802798333412,-0.0318202071764907
1.34581800168042,-0.441430159813176
-0.0673043146086164,-1.43400751212385
-1.07706765443905,-0.941655055941662
-0.985254391499256,0.800328623900636
-0.883762772687889,0.706801054165758
-0.0864764186990604,0.458371949181959
1.78121048842814,2.35258488577846
-0.491592356827049,-0.309014133271089
0.276473914396293,-0.953532774252509
0.121181082369151,-0.156326363548171
-0.540320817386743,-0.275941835564621
0.732552871810596,0.905878089898251
0.247291048990342,1.07173431508889
-0.826477464193049,-0.328633769794108
-1.63841674003436,-0.989960878054722
-0.551706967652648,-0.0823844224900704
-2.02298815940908,-1.79764780327473
-1.04232320219423,-0.114838138277254
0.183731646657957,1.58131725058424
-0.487348922892057,-0.447054407371347
-1.29323696078821,-0.209894675743618
0.440450667826461,0.993069527819196
-0.158216267451732,-0.838127022199214
0.288609107552353,-0.432284423796053
-1.74905787333812,-1.19017365279151
-0.649461893095134,-0.146909193330891
1.36409657708393,-0.182786894346816
-0.542588496320178,0.336829579831396
-1.92786421333714,-1.01535361113702
-0.492420129763349,-0.123529951364316
1.67452871364658,0.322430046386094
0.441244403329166,-1.08796694097862
-0.0742024382601067,-0.540167643050735
-0.958836539159548,-1.79698559541451
-1.25518486986555,-1.09097336749122
0.439929497814915,0.104043716589649
1.40892664605912,1.11913968865505
1.49537373023239,0.475396937708888
0.441309537204096,-0.209666644070024
0.384068806281943,-0.0612575336670119
0.0298230563779283,-0.190537331750116
-0.468918220739841,-0.0656179572333797
-1.40594857008117,-1.22669023020922
-2.21397342855372,-1.09429932590628
-2.50623966958824,0.410433461326191
-0.0970861542635144,1.55641773317206
1.9541176093462,1.76306598725876
2.46682593058204,1.24261162423014
1.17346662585013,0.0623970898582002
0.766636332375315,0.37531759009453
1.01058800151333,-0.154673581433247
-1.54648457315768,-1.15684703413813
0.280438462086247,0.271655162988029
1.65376762087444,1.74231868976169
2.27412439115274,0.844187750813693
0.956967250891641,-0.125074397007315
0.64893889518453,0.334230035639165
-0.306886577974806,-0.903020206233683
-0.260636427619775,-1.86120639101495
-1.53905630285231,-1.32342444478373
-1.71999716710979,-0.0942200754552817
-0.115894876007395,-0.226369932051087
0.645533076907943,0.31193602017637
-0.442640127532037,-0.955988730945549
0.456220922965699,-0.0687711721831662
1.17921432135162,0.486777823627424
-0.349082209937751,-0.282495759850813
0.374353219381142,0.0615670925054452
-0.685471811578681,-1.86051327107192
-0.469581824123369,-0.0788120974562823
-0.25838627767919,0.158316274911133
0.375249537858976,0.55878102273397
0.179213665067967,-0.683451736286895
-0.279389910136185,-0.143731179536115
-0.751741217359878,0.290490127939385
-0.109657801700827,-0.193042279434456
-0.193201147754709,0.0545082723176615
-0.764600023399273,-1.24521806874127
-0.318810948951185,-0.164556458882281
0.414880155116025,0.0668945310466465
1.20864547078598,0.0312529261705647
1.35207975352747,0.480300938374448
3.01858344173447,0.433269561214742
2.11717822494588,0.257572874882238
1.13177245681312,1.61207670168559
1.87068525530399,1.20635722627522
2.12200721717615,0.933023169468829
1.93441868830092,0.785306568458891
1.69492074356976,0.538636041049732
1.76228322905502,0.285434617312027
-0.215757524916208,0.630170082131998
-0.235257082083973,-0.614329012355025
-1.95575912608986,-0.693787332790083
-2.04348540980477,-0.678079436197494
-1.01422566880556,1.69068900139468
1.37770650807689,0.31926476049169
0.19006653286608,0.248052285181588
0.894118522109327,0.906380931269118
1.79253366726063,3.00074647681765
2.30308426258276,0.405317372515856
1.82163499814759,0.0383460450250601
-0.546661914971637,-1.79121440829371
0.551262821681419,0.790418665153358
0.879122974739831,-0.199911220377398
1.03804365957001,0.176362290058184
-0.731940298822149,-1.71408072203491
-0.0449705086058814,0.535518721355501
0.355651047240836,-0.439497420593616
1.22128668030683,-0.234141342812627
1.67314521992591,1.44149998866883
-1.03876308330298,0.420737151836134
-0.294640938888622,0.783758904365177
-0.357681254812793,0.287399274390968
0.569939448749734,0.581807570451776
2.09057132520147,0.563329454374513
1.69809669550191,0.600000401412476
0.917584816974576,1.24951175815543
3.47341235071071,-0.0303597966583165
2.01124909016961,0.692567071587557
1.15710212498125,0.117485516412781
1.10609967673316,-1.22944417126628
-0.00794564640654624,-1.7473716660411
0.330973390016037,0.0497644013754746
1.24389808256542,-0.0994982571885648
-0.0646788030077213,-1.45192208865022
-0.858340382947755,-1.10946997454698
-0.852027340971351,-1.09336876218822
-1.26463535515171,-1.81452031121624
0.229833225624411,-0.333919236878505
-1.06197109097959,0.089339843581948
-1.25637549795865,-1.05361030067904
-1.62700737406158,0.0424394859326347
-0.593100602686736,0.993716206482401
-2.18686568577313,-0.530593745976293
-1.9025416280176,-0.538725515450376
-1.68973569759302,-1.34988159245025
-2.83449592846976,-1.97558372043059
-2.38768306903549,-0.368505283275879
-0.47691618685492,1.43508630069334
0.699927506932083,0.170342778488294
0.844503688948705,-0.458118265109167
1.27405142709759,-1.65599003582155
0.914152375745,0.952013863945819
0.73196063799808,-0.475912803281686
-1.47653797459098,-1.59207443575756
-0.805421593559931,0.99808601704356
0.148092283319428,1.12910253993788
0.715097985698505,1.14057683443153
0.690996637972728,-0.924803136163001
-0.354695775575946,-0.0616385489076237
1.30623544466591,0.861289168261011
3.3436742001879,0.621650771728512
1.00825070852445,-0.95440309725554
-0.391017207403715,-0.506509906826562
0.644389769308352,0.122835968815825
-0.719926515170499,-2.79583405577095
-2.91070366136335,-0.927775324303493
-1.65786002598355,0.817707221880341
1.22925375977522,2.83287014412026
2.31884516071291,1.60351916598843
0.983813740805372,0.43780823009328
1.44555829964007,0.797720258163902
0.859415886017874,-0.254614853820813
0.207468539679667,-1.8197489885027
-2.25228364874276,-1.1431816365504
-0.223116442846255,0.0588108251270861
-0.723519055196017,-1.73137219922223
-0.380569975227407,-0.0958574122957559
1.0290894756173,1.04232009666698
0.631747861196447,0.00603216855159364
1.64369962492222,1.52845692747712
0.874676694118829,1.26706025547342
2.09350462204606,2.41887706469565
2.24031925565229,-0.534502402872374
0.467993433573538,-1.26433251590068
-0.160301626694117,-0.0797672549202188
1.5188491576176,0.742099398992534
2.10586258474618,1.6612662654819
2.91662721309101,0.413077271373627
2.53895259983473,-1.47911924806001
0.852735687289228,-1.64275934443407
0.253694030606638,-0.526196637195078
-0.252933420983389,-0.964293597396003
-0.634718082035594,-1.25647632576917
-0.739581654933739,-1.26660483709793
0.0360640852716511,-1.60490505885776
-0.690732831095636,0.772333304084164
1.13710055599277,0.552186683490476
1.31011277007919,1.32678283837806
0.671650382191297,0.884364837722539
-0.0346467943088568,0.28833880082038
1.51807687632531,1.15994456953874
1.34726449882648,0.955823991981838
0.469041796779886,-1.04950618055206
0.877982457136723,0.372485900874612
0.91837182540563,0.0931818429719434
0.394178717262535,0.579618913929852
0.811159400513682,0.35388631716271
0.902417918281651,0.732383439733149
0.798115683197889,-0.567199545629788
0.805754142803039,-0.99523686961144
