"x1","x2","y"
1.20627757215908,0.938075923010704,1.75371924711881
0.58180407354301,1.10466285460761,1.62173033301295
0.579597515327268,-0.98337286902273,2.53888136412058
1.02133331423234,-1.11382715207418,1.38783678012008
0.557713055354331,-0.217891581686239,1.22268642780415
-0.778663652292973,-0.977590213094252,1.36508360795843
-0.996482088574906,0.75904071544389,1.24016173192887
-1.98243139035478,0.247515687569132,-0.992362762743262
-0.148051818149101,1.2380588864447,-0.282777495740834
-0.464241991753496,0.37746930765668,0.367404779314295
-0.288913851935075,-0.0955161263942715,2.13088286436891
-0.438273675533695,0.581882899726599,1.61928240127866
-0.119470435299916,-0.670955420373114,2.34449492325137
-0.752025996969178,0.228026597344729,-0.119493375495607
-1.5429559028971,-0.140354483482285,0.354510383994107
-0.0782690857866067,0.813886901033061,-0.320027504259997
1.19462841354358,0.992472160138402,0.63920556987727
0.592992511874364,-0.191952666570501,2.54418357162577
0.404227538525557,1.18155066237893,1.57076100192725
-0.498526948718463,0.165300004565949,0.312598394926434
-1.99269102463062,0.836008655083555,-0.365991413641451
-2.21394266321627,-0.411761970542287,-0.8994366226
-1.61490757831473,-0.125488374227114,0.54154585214593
-3.28249424857499,-0.413564230669944,-2.68228507248302
-2.07203734836514,0.029600854868329,-4.1858312797261
-0.247226153910233,1.27817552745234,0.358761078940302
-0.799879590492149,-0.000618051845626799,0.736440879271036
0.29178240201206,-1.60400674386738,3.1702022965754
-1.99183324234981,-0.820872068930798,0.226580547400689
0.535273151760234,1.25463187532734,2.15495572281809
0.776892542398148,0.980573712302383,1.45398548599697
1.18530725373493,0.314130008527026,1.91722429308044
1.7039296546938,0.697960589203155,1.7044123015857
2.80755988735005,0.527119765954353,1.24017019301521
-0.0172111646060774,-2.52507484650145,-0.104000005672459
1.29831361119602,-0.101375680368586,1.9683865879303
1.0430862510091,-0.463425556371105,2.9929175040118
-0.118872290816385,1.10065505882225,0.456273885378007
1.07764076626382,0.784503533541631,1.71800901223224
1.12796238397565,1.76614729933026,2.37690362078696
0.348969662977796,-0.141381142315117,2.23105054169481
0.191001108345682,0.0703596954806088,1.39029951166207
1.17452196353175,1.12987448545721,1.63621347842731
1.3449577229189,0.879298288482578,0.851456973332531
0.0816419233398101,-0.686236153797124,-0.28333036754534
-1.73633405727004,-0.664528411988541,-2.01706216540574
-1.25011786345034,-0.42471467970902,0.415557727313786
-1.59971594799426,-1.84195657807061,0.817083192266314
-0.615103548308677,-1.80352977434674,2.44337938663575
-1.65045163530513,-1.29043944895573,1.04170287175217
0.163047742170973,0.473779328892857,-0.879402716065617
0.645443837808022,-0.613416103718264,0.942144845245277
1.16280193372073,0.380361937300228,2.03299667953925
1.39737766764345,-0.763426339576698,2.15222508074732
1.78633367286555,0.104848827678607,1.36706847781343
0.43828794109604,-0.81641334479271,-0.492532003615935
-0.239170697018437,-0.479544117200381,-0.82838530888504
-0.289724579026247,0.109445248255857,-1.07180793067416
0.295820490897901,1.47551890230482,-0.507852214823966
-1.10651096366494,-1.51560058524796,-0.232328420739176
-0.689879751483287,0.654125102440142,0.592078959042952
0.134124665684822,0.656102647331101,-0.175761091263336
2.15869924904944,0.879610368325682,1.18308492625383
0.835983790824164,1.3686273809637,1.0923149501897
2.25981532776883,1.35121930767441,0.338658373427385
0.860534932548887,0.786471065245044,0.179570215811309
1.66189071716622,2.12137614782421,1.5292126229916
0.866091441672623,-0.695433146816292,1.83760720055492
1.03527792948658,1.93256346158477,-0.13846957517942
-0.804882706061047,-1.3776876986375,1.2334153991026
0.677949194001874,0.984787738886993,2.29129308606992
-0.450500773612902,0.559462950461914,0.0989809751163783
1.95877935674061,1.40072278072904,1.60796942336609
1.96739732335464,-0.950862525444785,3.23125104386793
1.23202953089331,-0.254778435590467,3.14819850088699
2.9191702236312,0.669775914529872,2.75761881192395
1.28628427257839,-0.239450098495121,1.46230944889684
2.14546151077284,-0.0671627916956958,1.54713182484204
-2.23637383410603,-2.09762057885697,-0.154044443259933
-0.599336792352523,-0.370199964570745,1.32182915404657
-1.13349495068513,-0.206063437531024,-0.394460781305363
0.889235200870413,1.15406103526791,-0.886310220888859
0.314342016928622,0.814563544062543,0.525411055942248
-0.188053796041198,-0.992983271531249,1.27294926785557
-0.825991912752237,0.166549127292705,2.08907433836579
-1.2951000960406,0.324398827876707,2.67728877027728
0.800542398473929,2.19344122787117,1.12975755813926
1.23100867208157,0.125840914282645,3.28145424100836
0.875141619820136,0.84054132050957,0.960904561222641
-0.661318895645064,-1.42608285678718,1.84570893860843
-2.03767855286676,-0.20953550622759,-0.00167461193278351
0.267231570284977,1.24596988282715,0.4661039738727
1.89542114242498,-0.402273202906871,3.25861598252835
0.0682611542511377,0.41477855591842,1.41308352948959
0.451171044455737,1.1912660973895,1.00320583151358
2.61130339157972,1.47220492010706,2.35023538906693
1.80658248812385,0.646747794288123,3.41225614354333
1.76837781550932,-0.00455761772009583,1.46039203699648
1.48802798333412,-0.0318202071764907,1.87351577093094
1.24581800168042,-0.441430159813176,2.00695303928232
-0.167304314608616,-1.43400751212385,2.85322018373229
-1.17706765443906,-0.941655055941662,2.32706031726876
-1.08525439149926,0.800328623900636,-0.148339098415905
-0.983762772687889,0.706801054165758,0.990158449864046
-0.18647641869906,0.458371949181959,0.631329300897065
1.68121048842814,2.35258488577846,2.05559838588746
-0.591592356827049,-0.309014133271089,2.11422388417472
0.176473914396293,-0.953532774252509,3.63779027324034
0.0211810823691508,-0.156326363548171,3.93701801666166
-0.640320817386743,-0.275941835564621,2.14804323872871
0.632552871810596,0.905878089898251,1.60507716445975
0.147291048990342,1.07173431508889,-1.45259640242797
-0.926477464193049,-0.328633769794108,0.0920696388191263
-1.73841674003436,-0.989960878054722,0.306852697329928
-0.651706967652648,-0.0823844224900704,1.71261484379196
-2.12298815940908,-1.79764780327473,1.258476965034
-1.14232320219423,-0.114838138277254,1.53886067827979
0.0837316466579574,1.58131725058424,1.00874250719901
-0.587348922892057,-0.447054407371347,0.808815567198906
-1.39323696078821,-0.209894675743618,-0.413920612342163
0.340450667826461,0.993069527819196,-0.0738911163343017
-0.258216267451732,-0.838127022199214,-0.106771589790545
0.188609107552353,-0.432284423796053,-0.503259757253886
-1.84905787333812,-1.19017365279151,-0.617289537142412
-0.749461893095134,-0.146909193330891,1.1473711943278
1.26409657708393,-0.182786894346816,1.68945785682952
-0.642588496320178,0.336829579831396,1.41130839517768
-2.02786421333714,-1.01535361113702,0.763211799893792
-0.592420129763349,-0.123529951364316,1.76668033870364
1.57452871364658,0.322430046386094,2.55060492051664
0.341244403329166,-1.08796694097862,1.09615210344667
-0.174202438260107,-0.540167643050735,0.971038058080902
-1.05883653915955,-1.79698559541451,0.256053374181855
-1.35518486986555,-1.09097336749122,-0.123197909938965
0.339929497814915,0.104043716589649,1.19673285359772
1.30892664605912,1.11913968865505,2.27593316660918
1.39537373023239,0.475396937708888,2.96538999182623
0.341309537204096,-0.209666644070024,2.24185114273595
0.284068806281943,-0.0612575336670119,2.18232701310963
-0.0701769436220717,-0.190537331750116,0.682371639835682
-0.568918220739841,-0.0656179572333797,0.412731305017496
-1.50594857008117,-1.22669023020922,0.391887445231555
-2.31397342855372,-1.09429932590628,-0.619447287636897
-2.60623966958824,0.410433461326191,-1.95357002574031
-0.197086154263514,1.55641773317206,0.584006798990198
1.8541176093462,1.76306598725876,2.07511533598069
2.36682593058204,1.24261162423014,1.94416163109726
1.07346662585013,0.0623970898582002,2.27180380367907
0.666636332375315,0.37531759009453,0.53595387553473
0.910588001513326,-0.154673581433247,0.273150988249446
-1.64648457315768,-1.15684703413813,-0.170124694982061
0.180438462086247,0.271655162988029,1.75463507345934
1.55376762087444,1.74231868976169,0.772711101256457
2.17412439115274,0.844187750813693,1.9268492093769
0.856967250891641,-0.125074397007315,-0.102476663737811
0.54893889518453,0.334230035639165,-0.479393195636368
-0.406886577974806,-0.903020206233683,-0.816139111562088
-0.360636427619775,-1.86120639101495,1.49815242097103
-1.63905630285231,-1.32342444478373,1.86680439857235
-1.81999716710979,-0.0942200754552817,0.445624636126287
-0.215894876007395,-0.226369932051087,1.51151183605267
0.545533076907943,0.31193602017637,1.46495724544207
-0.542640127532037,-0.955988730945549,0.534104355856328
0.356220922965699,-0.0687711721831662,0.501645144586662
1.07921432135162,0.486777823627424,2.74180321272953
-0.449082209937751,-0.282495759850813,2.04174823507437
0.274353219381142,0.0615670925054452,2.83862103260616
-0.785471811578681,-1.86051327107192,2.75988369410116
-0.569581824123369,-0.0788120974562823,0.0492532328396288
-0.35838627767919,0.158316274911133,0.0607967744264495
0.275249537858976,0.55878102273397,-0.211274838923422
0.0792136650679667,-0.683451736286895,0.766570182759862
-0.379389910136185,-0.143731179536115,1.10677461617188
-0.851741217359878,0.290490127939385,-0.386433431095705
-0.209657801700827,-0.193042279434456,1.65369110541498
-0.293201147754709,0.0545082723176615,1.59765056809803
-0.864600023399273,-1.24521806874127,2.25442567652308
-0.418810948951185,-0.164556458882281,0.967443559941825
0.314880155116025,0.0668945310466465,0.70823754774307
1.10864547078598,0.0312529261705647,1.64143928587022
1.25207975352747,0.480300938374448,1.97211910417289
2.91858344173447,0.433269561214742,3.33155474091353
2.01717822494588,0.257572874882238,1.86409302488799
1.03177245681312,1.61207670168559,1.34914408818304
1.77068525530399,1.20635722627522,2.68244474621737
2.02200721717615,0.933023169468829,2.97368967902014
1.83441868830092,0.785306568458891,1.7393245800289
1.59492074356976,0.538636041049732,1.42762508876254
1.66228322905502,0.285434617312027,0.990426187814224
-0.315757524916208,0.630170082131998,-0.814017123347699
-0.335257082083973,-0.614329012355025,1.89210191200401
-2.05575912608986,-0.693787332790083,-2.20218567475235
-2.14348540980477,-0.678079436197494,-0.754472240651737
-1.11422566880556,1.69068900139468,0.443071240191245
1.27770650807689,0.31926476049169,2.58631404708042
0.0900665328660798,0.248052285181588,2.26106835127228
0.794118522109327,0.906380931269118,0.919590268693558
1.69253366726063,3.00074647681765,0.872867501135913
2.20308426258276,0.405317372515856,1.90722370998699
1.72163499814759,0.0383460450250601,2.6990503716163
-0.646661914971637,-1.79121440829371,1.10687956786594
0.451262821681419,0.790418665153358,-0.0392567299339084
0.779122974739831,-0.199911220377398,0.940319192828478
0.938043659570008,0.176362290058184,2.16038297333292
-0.831940298822148,-1.71408072203491,0.228089902875309
-0.144970508605881,0.535518721355501,1.85571107648524
0.255651047240836,-0.439497420593616,1.14027473924047
1.12128668030683,-0.234141342812627,3.86458049424048
1.57314521992591,1.44149998866883,2.16430253326139
-1.13876308330298,0.420737151836134,0.55118205718813
-0.394640938888622,0.783758904365177,-0.12543414713722
-0.457681254812793,0.287399274390968,1.9475285449636
0.469939448749734,0.581807570451776,4.48539141560541
1.99057132520146,0.563329454374513,2.72168741777264
1.59809669550191,0.600000401412476,2.50135275158092
0.817584816974576,1.24951175815543,0.904150152870946
3.37341235071071,-0.0303597966583165,4.58534033994133
1.91124909016961,0.692567071587557,1.21114045318633
1.05710212498125,0.117485516412781,0.0840449218057682
1.00609967673316,-1.22944417126628,1.64364720202129
-0.107945646406546,-1.7473716660411,0.652716417657785
0.230973390016037,0.0497644013754746,-0.66213878127233
1.14389808256542,-0.0994982571885648,0.205757146595334
-0.164678803007721,-1.45192208865022,2.99482625003578
-0.958340382947755,-1.10946997454698,2.74097102468457
-0.952027340971351,-1.09336876218822,5.05831204835034
-1.36463535515171,-1.81452031121624,2.55936431527268
0.129833225624411,-0.333919236878505,2.81818619316257
-1.16197109097959,0.089339843581948,-1.72948568509174
-1.35637549795865,-1.05361030067904,-1.96826524438899
-1.72700737406158,0.0424394859326347,-3.33315646066577
-0.693100602686736,0.993716206482401,-0.469780094696997
-2.28686568577313,-0.530593745976293,-1.39476733337719
-2.0025416280176,-0.538725515450376,-0.874533341709633
-1.78973569759302,-1.34988159245025,0.901434604774804
-2.93449592846976,-1.97558372043059,-0.285955491386338
-2.48768306903549,-0.368505283275879,-0.213719549310886
-0.57691618685492,1.43508630069334,0.770171828027941
0.599927506932084,0.170342778488294,2.39624993226726
0.744503688948705,-0.458118265109167,3.85355772014631
1.17405142709759,-1.65599003582155,2.02823030245042
0.814152375745,0.952013863945819,0.265947220446749
0.63196063799808,-0.475912803281686,1.42084474741774
-1.57653797459098,-1.59207443575756,-1.17202203167646
-0.905421593559931,0.99808601704356,-0.141062613235513
0.0480922833194275,1.12910253993788,0.683097738961806
0.615097985698505,1.14057683443153,1.45094077724236
0.590996637972728,-0.924803136163001,5.04207980540074
-0.454695775575946,-0.0616385489076237,2.36330909258133
1.20623544466591,0.861289168261011,2.29864557332237
3.2436742001879,0.621650771728512,3.66913446923284
0.908250708524452,-0.95440309725554,1.33826055246098
-0.491017207403715,-0.506509906826562,2.0313429574146
0.544389769308352,0.122835968815825,2.34604890033532
-0.819926515170499,-2.79583405577095,2.93119828170158
-3.01070366136335,-0.927775324303493,-0.115835347194509
-1.75786002598355,0.817707221880341,-0.909085507889201
1.12925375977522,2.83287014412026,2.41561780815185
2.21884516071291,1.60351916598843,3.35068958752903
0.883813740805372,0.43780823009328,2.94411197634945
1.34555829964007,0.797720258163902,2.33114619543936
0.759415886017874,-0.254614853820813,0.144679847273383
0.107468539679667,-1.8197489885027,0.236170839303112
-2.35228364874276,-1.1431816365504,-1.97813395250249
-0.323116442846255,0.0588108251270861,-0.951749312440862
-0.823519055196017,-1.73137219922223,0.0348726367623757
-0.480569975227407,-0.0958574122957559,-0.272032911128276
0.929089475617299,1.04232009666698,2.08999163370344
0.531747861196447,0.00603216855159364,2.15064686342607
1.54369962492222,1.52845692747712,1.87041687129966
0.774676694118829,1.26706025547342,1.41803469688447
1.99350462204606,2.41887706469565,0.704400503603301
2.14031925565229,-0.534502402872374,2.58443702322973
0.367993433573538,-1.26433251590068,0.259980927915087
-0.260301626694117,-0.0797672549202188,0.296432174742443
1.4188491576176,0.742099398992534,-0.361063303434231
2.00586258474618,1.6612662654819,-0.51022919848465
2.81662721309101,0.413077271373627,2.64101926531535
2.43895259983473,-1.47911924806001,2.33392641700569
0.752735687289228,-1.64275934443407,2.34520329108029
0.153694030606638,-0.526196637195078,2.37504198449493
-0.35293342098339,-0.964293597396003,2.14832853528008
-0.734718082035594,-1.25647632576917,1.79471113847495
-0.839581654933739,-1.26660483709793,-1.49796174011635
-0.0639359147283489,-1.60490505885776,0.492463078901913
-0.790732831095636,0.772333304084164,-0.54779332729579
1.03710055599277,0.552186683490476,2.74608273806573
1.21011277007919,1.32678283837806,0.775821201255183
0.571650382191297,0.884364837722539,-1.45640997177095
-0.134646794308857,0.28833880082038,0.958685643317806
1.41807687632531,1.15994456953874,1.67159074709922
1.24726449882648,0.955823991981838,0.68654228416036
0.369041796779886,-1.04950618055206,0.602508491735866
0.777982457136723,0.372485900874612,-0.717070938254696
0.81837182540563,0.0931818429719434,1.62583454156188
0.294178717262535,0.579618913929852,0.855508964318429
0.711159400513682,0.35388631716271,1.86849657413633
0.802417918281651,0.732383439733149,-0.714359099107492
0.698115683197889,-0.567199545629788,1.89766293505778
0.705754142803039,-0.99523686961144,1.37790201585649
