"date","SPY","QQQ","IWM","EFA"
2024-01-02,457.672729492188,396.840667724609,193.693252563477,68.6670074462891
2024-01-03,453.93505859375,392.641448974609,188.528625488281,68.1509170532227
2024-01-04,452.472900390625,390.620788574219,188.159698486328,68.3075942993164
2024-01-05,453.092620849609,391.084106445312,187.606384277344,68.3536529541016
2024-01-08,459.560943603516,399.166961669922,190.984710693359,69.0817108154297
2024-01-09,458.863800048828,399.955505371094,189.276138305664,68.4642562866211
2024-01-10,461.458862304688,402.666290283203,189.382904052734,68.906608581543
2024-01-11,461.255493164062,403.504150390625,187.897613525391,68.8973999023438
2024-01-12,461.574981689453,403.711120605469,187.586944580078,69.1830902099609
2024-01-16,459.880462646484,403.671661376953,185.266754150391,68.0218887329102
2024-01-17,457.324188232422,401.394683837891,183.946472167969,67.3767852783203
2024-01-18,461.390991210938,407.092193603516,185.033798217773,67.9758148193359
2024-01-19,467.142852783203,415.165191650391,186.810317993164,68.1324844360352
2024-01-22,468.130523681641,415.707366943359,190.80029296875,68.3444519042969
2024-01-23,469.495788574219,417.432373046875,190.246917724609,68.1509170532227
2024-01-24,470.009002685547,419.748809814453,188.683959960938,68.6670074462891
2024-01-25,472.565307617188,420.261322021484,190.246917724609,68.8605270385742
2024-01-26,471.964996337891,417.757629394531,190.256652832031,69.164665222168
2024-01-29,475.702697753906,422.035675048828,193.586502075195,69.5701599121094
2024-01-30,475.334716796875,419.226318359375,191.936126708984,69.4779891967773
2024-01-31,467.578582763672,411.015289306641,187.247177124023,69.127799987793
2024-02-01,473.698272705078,415.855194091797,189.732437133789,69.8097610473633
2024-02-02,478.68505859375,422.883361816406,188.732498168945,69.2568054199219
2024-02-05,476.942138671875,422.331359863281,186.334609985352,68.88818359375
2024-02-06,478.326843261719,421.483642578125,188.014068603516,69.3121032714844
2024-02-07,482.316253662109,425.820831298828,187.577239990234,69.2752304077148
2024-02-08,482.529327392578,426.609344482422,190.421646118164,69.1554412841797
2024-02-09,485.318023681641,430.808563232422,193.518508911133,69.3950500488281
2024-02-12,485.105041503906,429.122955322266,197.032806396484,69.5148544311523
2024-02-13,478.423645019531,422.429901123047,188.926666259766,68.4458160400391
2024-02-14,482.771392822266,427.033233642578,193.314651489258,69.2107315063477
2024-02-15,486.102416992188,428.304840087891,198.469573974609,69.9940719604492
2024-02-16,483.681640625,424.421112060547,195.770782470703,70.1046752929688
2024-02-20,481.018737792969,421.217498779297,193.071929931641,70.3903579711914
2024-02-21,481.454437255859,419.531890869141,192.159393310547,70.4456558227539
2024-02-22,491.418395996094,431.813995361328,193.615585327148,71.2382049560547
2024-02-23,491.757293701172,430.542510986328,194.052444458008,71.3303604125977
2024-02-26,489.956207275391,430.315704345703,195.275650024414,71.2289886474609
2024-02-27,490.866424560547,431.350708007812,198.042434692383,71.4225311279297
2024-02-28,490.217681884766,429.053955078125,196.411483764648,71.0078201293945
2024-02-29,491.980010986328,432.730712890625,197.780303955078,71.192138671875
2024-03-01,496.598876953125,439.246246337891,199.877243041992,71.8833160400391
2024-03-04,496.066284179688,437.678985595703,199.692794799805,71.6990051269531
2024-03-05,491.108520507812,429.822814941406,197.780303955078,71.5699844360352
2024-03-06,493.597106933594,432.523742675781,199.255935668945,72.417839050293
2024-03-07,498.496765136719,439.088592529297,200.916000366211,73.2749099731445
2024-03-08,495.504638671875,432.750457763672,200.789779663086,73.0352935791016
2024-03-11,495.078643798828,431.143737792969,199.197662353516,72.6205902099609
2024-03-12,500.404327392578,437.324157714844,198.925857543945,73.2011795043945
2024-03-13,499.619995117188,433.962890625,199.702499389648,73.2103958129883
2024-03-14,498.632385253906,432.868713378906,196.129943847656,72.6758804321289
2024-03-15,495.208404541016,427.723266601562,196.498870849609,72.7035217285156
2024-03-18,498.151458740234,431.802642822266,195.372756958008,72.6850967407227
2024-03-19,500.919860839844,432.878509521484,196.197937011719,72.8141174316406
2024-03-20,505.553070068359,438.011077880859,200.081100463867,73.5882415771484
2024-03-21,507.223571777344,440.083740234375,202.379943847656,73.5513763427734
2024-03-22,506.262115478516,440.587127685547,199.586700439453,73.3947067260742
2024-03-25,504.863311767578,438.988159179688,200.044128417969,73.238037109375
2024-03-26,503.930877685547,437.56689453125,199.684036254883,73.3209838867188
2024-03-27,508.165771484375,439.057250976562,204.034484863281,73.7633438110352
2024-03-28,508.068725585938,438.247924804688,204.676834106445,73.5974655151367
2024-04-01,507.184753417969,439.175689697266,202.749801635742,73.2841186523438
2024-04-02,503.960083007812,435.385498046875,199.022201538086,72.7680358886719
2024-04-03,504.513641357422,436.362701416016,200.32633972168,73.1735382080078
2024-04-04,498.355560302734,429.690368652344,198.321441650391,72.5468597412109
2024-04-05,503.561798095703,434.753784179688,198.983276367188,72.7772598266602
2024-04-08,503.843475341797,434.882171630859,200.073333740234,73.1366729736328
2024-04-09,504.426208496094,436.491027832031,200.861663818359,73.1274490356445
2024-04-10,499.375335693359,432.681091308594,195.557403564453,72.1597900390625
2024-04-11,503.144134521484,439.590179443359,196.88102722168,72.3533325195312
2024-04-12,496.199188232422,432.582397460938,193.377304077148,71.1829223632812
2024-04-15,489.982757568359,425.465911865234,190.545074462891,70.970947265625
2024-04-16,489.089141845703,425.505462646484,189.844345092773,70.2705535888672
2024-04-17,486.194519042969,420.313659667969,187.839447021484,70.3166351318359
2024-04-18,485.194122314453,417.915222167969,187.683700561523,70.1231002807617
2024-04-19,480.959136962891,409.268890380859,187.975677490234,70.1507415771484
2024-04-22,485.388336181641,413.384826660156,190.077926635742,70.970947265625
2024-04-23,491.148284912109,419.5537109375,193.260498046875,71.7450790405273
2024-04-24,490.915161132812,420.975036621094,192.394271850586,71.6068496704102
2024-04-25,489.050262451172,418.941772460938,191.226348876953,71.2750701904297
2024-04-26,493.683441162109,425.406707763672,193.056121826172,71.8464584350586
2024-04-29,495.431793212891,427.134002685547,194.613342285156,72.122932434082
2024-04-30,487.583587646484,419.079956054688,190.661880493164,71.210563659668
2024-05-01,486.000274658203,416.049743652344,191.060897827148,71.0538940429688
2024-05-02,490.546051025391,421.359954833984,194.574371337891,72.0123443603516
2024-05-03,496.626586914062,429.828582763672,196.501434326172,72.7311706542969
2024-05-06,501.755187988281,434.536712646484,199.04167175293,73.2288208007812
2024-05-07,502.308776855469,434.605773925781,199.489349365234,73.42236328125
2024-05-08,502.357330322266,434.349151611328,198.331176757812,73.3394165039062
2024-05-09,505.251770019531,435.296630859375,200.355575561523,73.9015884399414
2024-05-10,505.902648925781,436.3232421875,198.84700012207,74.0398178100586
2024-05-13,505.970611572266,437.329956054688,199.265502929688,74.0398178100586
2024-05-14,508.292053222656,440.142974853516,201.328842163086,74.5927658081055
2024-05-15,514.586303710938,447.022521972656,203.83984375,75.3853302001953
2024-05-16,513.527465820312,446.114471435547,202.370223999023,74.9798355102539
2024-05-17,514.265747070312,445.897369384766,202.516204833984,75.2378845214844
2024-05-20,514.858215332031,449.006408691406,202.963943481445,75.2931671142578
2024-05-21,516.120971679688,449.884857177734,202.769271850586,75.1733627319336
2024-05-22,514.634826660156,449.796051025391,201.05632019043,74.463752746582
2024-05-23,510.875885009766,447.772674560547,197.756973266602,74.0858993530273
2024-05-24,514.256042480469,452.006988525391,199.946807861328,74.6941375732422
2024-05-28,514.615417480469,453.714538574219,199.674270629883,74.6664886474609
2024-05-29,511.011779785156,450.5166015625,196.725311279297,73.4868621826172
2024-05-30,507.621887207031,445.690032958984,198.593963623047,74.1043319702148
2024-05-31,512.245300292969,444.860961914062,200.267974853516,74.8139495849609
2024-06-03,512.662963867188,447.249542236328,199.13899230957,75.0259094238281
2024-06-04,513.236206054688,448.473419189453,196.569564819336,74.9337463378906
2024-06-05,519.336120605469,457.514617919922,199.576934814453,75.4590454101562
2024-06-06,519.326293945312,457.356597900391,198.146255493164,75.7171020507812
2024-06-07,518.695068359375,456.951965332031,195.820175170898,74.8968963623047
2024-06-10,520.297607421875,458.797698974609,196.491714477539,74.8415985107422
2024-06-11,521.550659179688,461.946319580078,195.820266723633,73.9911422729492
2024-06-12,525.834228515625,467.996734619141,198.826263427734,74.8631591796875
2024-06-13,526.892944335938,470.533416748047,197.089050292969,73.7942199707031
2024-06-14,527.213500976562,472.971374511719,193.956130981445,72.9784545898438
2024-06-17,531.409545898438,478.765167236328,195.586013793945,73.2691268920898
2024-06-18,532.759704589844,478.913208007812,195.927581787109,73.5597991943359
2024-06-20,531.312377929688,475.221710205078,195.098037719727,73.606689453125
2024-06-21,530.60009765625,473.948455810547,195.537246704102,73.0909729003906
2024-06-24,528.875366210938,468.552795410156,196.386306762695,73.6723251342773
2024-06-25,530.911926269531,473.910949707031,195.742172241211,73.8504867553711
2024-06-26,531.574584960938,474.8896484375,195.224899291992,73.306640625
2024-06-27,532.41259765625,476.115478515625,197.206161499023,73.3628921508789
2024-06-28,530.317565917969,473.643951416016,198.016220092773,73.4472961425781
2024-07-01,531.409057617188,476.421936035156,196.357055664062,73.5785675048828
2024-07-02,534.985046386719,481.424255371094,197.030471801758,73.7567291259766
2024-07-03,537.372619628906,485.437896728516,196.981674194336,74.6006164550781
2024-07-05,540.471313476562,490.49951171875,196.044723510742,75.0975723266602
2024-07-08,541.095031738281,491.666046142578,197.420837402344,74.7225189208984
2024-07-09,541.621154785156,492.091156005859,196.561996459961,74.4224624633789
2024-07-10,546.980712890625,497.221893310547,198.484680175781,75.4726409912109
2024-07-11,542.264221191406,486.317779541016,205.619079589844,75.6883163452148
2024-07-12,545.684631347656,489.1748046875,208.019973754883,76.4947052001953
2024-07-15,547.185302734375,490.489532470703,211.972671508789,75.8195724487305
2024-07-16,550.43017578125,490.677398681641,219.204681396484,76.1852722167969
2024-07-17,542.712585449219,476.273651123047,216.911148071289,75.7820739746094
2024-07-18,538.541809082031,474.019683837891,212.714447021484,75.0319442749023
2024-07-19,534.965576171875,469.818145751953,211.631103515625,74.5724868774414
2024-07-22,540.481079101562,476.817413330078,214.998184204102,75.3601303100586
2024-07-23,539.63330078125,475.136749267578,217.282012939453,74.9381790161133
2024-07-24,527.403930664062,458.093505859375,212.616851806641,73.9911422729492
2024-07-25,524.655883789062,453.041778564453,215.271514892578,73.5223083496094
2024-07-26,530.531860351562,457.688171386719,218.833831787109,74.4599761962891
2024-07-29,530.843627929688,458.607543945312,216.403625488281,74.1317901611328
2024-07-30,528.154113769531,452.310211181641,217.22346496582,74.3005599975586
2024-07-31,536.739135742188,465.695770263672,218.482482910156,75.3507461547852
2024-08-01,529.138427734375,454.415924072266,211.377334594727,73.3535232543945
2024-08-02,519.286682128906,443.63037109375,203.9013671875,72.2001953125
2024-08-05,504.163177490234,430.403015136719,197.342788696289,70.6249160766602
2024-08-06,508.811309814453,434.515563964844,199.48991394043,70.7468109130859
2024-08-07,505.410522460938,429.809906005859,197.128067016602,71.0843734741211
2024-08-08,517.094116210938,442.958160400391,201.920120239258,72.2752075195312
2024-08-09,519.374450683594,445.271453857422,201.500427246094,72.5564956665039
2024-08-12,519.647277832031,446.230377197266,199.685119628906,72.4908676147461
2024-08-13,528.193176269531,457.302581787109,202.974166870117,73.7379608154297
2024-08-14,529.859375,457.450805664062,201.715148925781,74.0098876953125
2024-08-15,538.941467285156,469.007537841797,206.946365356445,74.910041809082
2024-08-16,540.149841308594,469.610565185547,207.492935180664,75.3226165771484
2024-08-19,545.314392089844,475.779357910156,210.030502319336,76.2415237426758
2024-08-20,544.427612304688,474.780914306641,207.580795288086,76.0071105957031
2024-08-21,546.298583984375,476.995330810547,210.284271240234,76.7103576660156
2024-08-22,542.010986328125,469.4326171875,208.42985534668,76.2602844238281
2024-08-23,547.77001953125,474.523834228516,215.086074829102,77.6574020385742
2024-08-26,546.464111328125,469.917022705078,215.154388427734,77.3104629516602
2024-08-27,547.214599609375,471.320831298828,213.485443115234,77.6667861938477
2024-08-28,544.037841796875,465.972564697266,212.041000366211,77.3948593139648
2024-08-29,544.086547851562,465.290466308594,213.553756713867,77.6855316162109
2024-08-30,549.280395507812,470.836395263672,214.793258666992,77.8074340820312
2024-09-03,537.976684570312,456.541381835938,208.22492980957,76.5790863037109
2024-09-04,536.875610351562,455.355010986328,207.873565673828,76.2415237426758
2024-09-05,535.56982421875,455.780212402344,206.83903503418,76.2602844238281
2024-09-06,526.55615234375,443.571075439453,202.905838012695,74.8256607055664
2024-09-09,532.451538085938,449.275177001953,203.471908569336,75.5757827758789
2024-09-10,534.770690917969,453.427307128906,203.306015014648,75.2007141113281
2024-09-11,540.256958007812,463.273681640625,203.9013671875,75.6508026123047
2024-09-12,544.807678222656,467.821197509766,206.526733398438,76.2696533203125
2024-09-13,547.653076171875,469.917022705078,211.621337890625,76.4478149414062
2024-09-16,548.4619140625,467.840972900391,212.382598876953,77.0666809082031
2024-09-17,548.68603515625,468.088104248047,214.139343261719,76.6353530883789
2024-09-18,547.058715820312,466.061492919922,214.17839050293,76.3915634155273
2024-09-19,556.393859863281,477.845520019531,218.589828491211,77.9011993408203
2024-09-20,555.432067871094,476.93603515625,216.247482299805,77.1323089599609
2024-09-23,556.820068359375,478.200225830078,215.456924438477,77.4229888916016
2024-09-24,558.413330078125,480.5068359375,215.818054199219,77.882438659668
2024-09-25,557.181762695312,480.952331542969,213.185668945312,77.4604949951172
2024-09-26,559.390686035156,484.565795898438,214.321670532227,79.1670455932617
2024-09-27,558.579406738281,481.873046875,215.771026611328,78.6888275146484
2024-09-30,560.81787109375,483.179809570312,216.319473266602,78.4169158935547
2024-10-01,555.793701171875,476.447937011719,213.381530761719,77.8355560302734
2024-10-02,556.0283203125,477.121124267578,213.087738037109,77.676155090332
2024-10-03,555.011779785156,476.764801025391,211.657958984375,76.9541473388672
2024-10-04,560.055297851562,482.437347412109,214.615447998047,77.4042282104492
2024-10-07,554.9921875,477.269653320312,212.931045532227,76.9729080200195
2024-10-08,560.241088867188,484.3974609375,213.077926635742,76.8510055541992
2024-10-09,564.12158203125,488.208892822266,213.54801940918,76.8697662353516
2024-10-10,563.134399414062,487.654510498047,212.363082885742,76.7760009765625
2024-10-11,566.506469726562,488.416778564453,216.68180847168,77.1698150634766
2024-10-14,571.139587402344,492.515319824219,218.278076171875,77.3948593139648
2024-10-15,566.702026367188,485.931976318359,218.454360961914,76.1102600097656
2024-10-16,569.165161132812,485.991333007812,222.048431396484,76.3071670532227
2024-10-17,569.213989257812,486.328002929688,221.44123840332,76.3165435791016
2024-10-18,571.403503417969,489.515716552734,220.98095703125,76.8322677612305
2024-10-21,570.465209960938,490.456237792969,217.504409790039,75.9227294921875
2024-10-22,570.162048339844,490.990753173828,216.68180847168,75.4913940429688
2024-10-23,564.952331542969,483.466949462891,214.703628540039,74.7318801879883
2024-10-24,566.174194335938,487.387298583984,215.17366027832,75.1538391113281
2024-10-25,565.978637695312,490.357208251953,214.36083984375,74.9006729125977
2024-10-28,567.728271484375,490.436370849609,217.856964111328,75.5007705688477
2024-10-29,568.647094726562,495.148681640625,217.151870727539,75.2288513183594
2024-10-30,566.926818847656,491.406555175781,216.85807800293,74.7412643432617
2024-10-31,555.813354492188,479.002105712891,213.254211425781,74.2818145751953
2024-11-01,558.159118652344,482.546234130859,214.448989868164,74.4318389892578
2024-11-04,556.956848144531,481.140502929688,215.535995483398,74.4880981445312
2024-11-05,563.691467285156,487.278350830078,219.590347290039,75.2288513183594
2024-11-06,577.708129882812,500.514434814453,232.311569213867,74.1411590576172
2024-11-07,582.174926757812,508.394592285156,231.488967895508,75.266357421875
2024-11-08,584.696716308594,508.988616943359,233.192932128906,74.2255630493164
2024-11-11,585.253967285156,508.691680908203,236.698867797852,74.2443084716797
2024-11-12,583.435791015625,507.770874023438,232.546585083008,72.8659362792969
2024-11-13,583.719299316406,507.117584228516,230.245208740234,72.4346160888672
2024-11-14,579.965881347656,503.59326171875,227.140808105469,72.5846328735352
2024-11-15,572.537292480469,491.594665527344,223.752380371094,72.3220825195312
2024-11-18,574.883239746094,495.010070800781,224.193084716797,72.7159194946289
2024-11-19,576.984680175781,498.415618896484,225.857925415039,72.6221389770508
2024-11-20,577.18017578125,498.128540039062,226.151702880859,72.4252319335938
2024-11-21,580.278686523438,499.920379638672,229.589080810547,72.4439849853516
2024-11-22,582.077209472656,500.722320556641,233.829498291016,72.7252883911133
2024-11-25,584.051513671875,501.514251708984,237.384384155273,73.1003570556641
2024-11-26,587.101257324219,504.20703125,235.641204833984,72.6784057617188
2024-11-27,585.322326660156,500.237182617188,235.964385986328,73.0722198486328
2024-11-29,588.958312988281,504.632720947266,236.865325927734,74.0473937988281
2024-12-02,590.014038085938,510.127105712891,236.747833251953,74.2536849975586
2024-12-03,590.287658691406,511.691131591797,235.063400268555,74.6756286621094
2024-12-04,593.953063964844,518.017211914062,235.905639648438,74.7318801879883
2024-12-05,592.9755859375,516.581787109375,233.153778076172,75.0975723266602
2024-12-06,594.099731445312,521.204956054688,233.98616027832,75.0882034301758
2024-12-09,591.040405273438,517.146057128906,232.811004638672,75.0413208007812
2024-12-10,589.202697753906,515.383911132812,231.802322387695,74.3662033081055
2024-12-11,593.757629394531,524.610595703125,232.850189208984,74.8350372314453
2024-12-12,590.698303222656,521.224731445312,229.824111938477,74.1786651611328
2024-12-13,590.580932617188,525.21435546875,228.247421264648,73.9723739624023
2024-12-16,593.102661132812,532.777893066406,229.589080810547,73.7285766601562
2024-12-17,590.6591796875,530.431579589844,226.960693359375,73.6116790771484
2024-12-18,573.055480957031,511.295227050781,216.91259765625,71.8058471679688
2024-12-19,572.879455566406,509.018249511719,215.950042724609,71.5777359008789
2024-12-20,579.76025390625,513.463256835938,217.973403930664,71.3781509399414
2024-12-23,583.232055664062,518.465881347656,217.472473144531,71.8438568115234
2024-12-24,589.714721679688,525.49609375,219.417266845703,72.1004791259766
2024-12-26,589.75390625,525.13916015625,221.666519165039,72.4426498413086
2024-12-27,583.5458984375,518.158447265625,218.435073852539,72.3380889892578
2024-12-30,576.88671875,511.266967773438,216.755447387695,71.8628768920898
