"epsilon","ARCH_GARCH","EGARCH"
-3,3.06873075307798,12.1824939607035
-2.99,3.05375575307798,12.0733434292139
-2.98,3.03883075307798,11.9651708451433
-2.97,3.02395575307798,11.8579674464531
-2.96,3.00913075307798,11.7517245496094
-2.95,2.99435575307798,11.6464335488795
-2.94,2.97963075307798,11.5420859156347
-2.93,2.96495575307798,11.4386731976598
-2.92,2.95033075307798,11.336187018468
-2.91,2.93575575307798,11.2346190766228
-2.9,2.92123075307798,11.1339611450653
-2.89,2.90675575307798,11.0342050704481
-2.88,2.89233075307798,10.9353427724745
-2.87,2.87795575307798,10.8373662432445
-2.86,2.86363075307798,10.7402675466055
-2.85,2.84935575307798,10.64403881751
-2.84,2.83513075307798,10.5486722613784
-2.83,2.82095575307798,10.4541601534675
-2.82,2.80683075307798,10.3604948382448
-2.81,2.79275575307798,10.2676687287686
-2.8,2.77873075307798,10.1756743060733
-2.79,2.76475575307798,10.0845041185604
-2.78,2.75083075307798,9.99415078139482
-2.77,2.73695575307798,9.90460697590684
-2.76,2.72313075307798,9.81586544899925
-2.75,2.70935575307798,9.72791901255988
-2.74,2.69563075307798,9.64076054287928
-2.73,2.68195575307798,9.55438298007375
-2.72,2.66833075307798,9.46877932751349
-2.71,2.65475575307798,9.38394265125582
-2.7,2.64123075307798,9.29986607948359
-2.69,2.62775575307798,9.21654280194851
-2.68,2.61433075307798,9.13396606941954
-2.67,2.60095575307798,9.05212919313621
-2.66,2.58763075307798,8.97102554426679
-2.65,2.57435575307798,8.89064855337137
-2.64,2.56113075307798,8.81099170986976
-2.63,2.54795575307798,8.73204856151406
-2.62,2.53483075307798,8.65381271386611
-2.61,2.52175575307798,8.57627782977946
-2.6,2.50873075307798,8.49943762888612
-2.59,2.49575575307798,8.4232858870878
-2.58,2.48283075307798,8.34781643605178
-2.57,2.46995575307798,8.27302316271126
-2.56,2.45713075307798,8.19890000877021
-2.55,2.44435575307798,8.12544097021263
-2.54,2.43163075307798,8.05264009681623
-2.53,2.41895575307798,7.98049149167047
-2.52,2.40633075307798,7.90898931069887
-2.51,2.39375575307798,7.8381277621857
-2.5,2.38123075307798,7.76790110630677
-2.49,2.36875575307798,7.69830365466456
-2.48,2.35633075307798,7.62932976982745
-2.47,2.34395575307798,7.56097386487303
-2.46,2.33163075307798,7.49323040293564
-2.45,2.31935575307798,7.42609389675782
-2.44,2.30713075307798,7.35955890824587
-2.43,2.29495575307798,7.29362004802934
-2.42,2.28283075307798,7.2282719750245
-2.41,2.27075575307798,7.1635093960017
-2.4,2.25873075307798,7.09932706515663
-2.39,2.24675575307798,7.03571978368541
-2.38,2.23483075307798,6.97268239936346
-2.37,2.22295575307798,6.91020980612818
-2.36,2.21113075307798,6.84829694366537
-2.35,2.19935575307798,6.78693879699931
-2.34,2.18763075307798,6.72613039608658
-2.33,2.17595575307798,6.66586681541345
-2.32,2.16433075307798,6.60614317359694
-2.31,2.15275575307798,6.54695463298941
-2.3,2.14123075307798,6.48829639928671
-2.29,2.12975575307798,6.43016372113984
-2.28,2.11833075307798,6.37255188977008
-2.27,2.10695575307798,6.3154562385876
-2.26,2.09563075307798,6.25887214281342
-2.25,2.08435575307798,6.20279501910486
-2.24,2.07313075307798,6.14722032518424
-2.23,2.06195575307798,6.09214355947096
-2.22,2.05083075307798,6.03756026071688
-2.21,2.03975575307798,5.98346600764497
-2.2,2.02873075307798,5.92985641859115
-2.19,2.01775575307798,5.87672715114938
-2.18,2.00683075307798,5.82407390181997
-2.17,1.99595575307798,5.77189240566093
-2.16,1.98513075307798,5.72017843594254
-2.15,1.97435575307798,5.66892780380498
-2.14,1.96363075307798,5.61813635791902
-2.13,1.95295575307798,5.56779998414977
-2.12,1.94233075307798,5.51791460522345
-2.11,1.93175575307798,5.46847618039707
-2.1,1.92123075307798,5.41948070513121
-2.09,1.91075575307798,5.37092421076556
-2.08,1.90033075307798,5.32280276419756
-2.07,1.88995575307798,5.2751124675637
-2.06,1.87963075307798,5.22784945792389
-2.05,1.86935575307798,5.1810099069485
-2.04,1.85913075307798,5.13459002060831
-2.03,1.84895575307798,5.08858603886713
-2.02,1.83883075307798,5.04299423537729
-2.01,1.82875575307798,4.99781091717777
-2,1.81873075307798,4.95303242439511
-1.99,1.80875575307798,4.90865512994691
-1.98,1.79883075307798,4.86467543924804
-1.97,1.78895575307798,4.82108978991952
-1.96,1.77913075307798,4.77789465149993
-1.95,1.76935575307798,4.73508652515942
-1.94,1.75963075307798,4.69266194341637
-1.93,1.74995575307798,4.65061746985646
-1.92,1.74033075307798,4.60894969885433
-1.91,1.73075575307798,4.56765525529777
-1.9,1.72123075307798,4.52673079431425
-1.89,1.71175575307798,4.48617300100007
-1.88,1.70233075307798,4.4459785901518
-1.87,1.69295575307798,4.40614430600017
-1.86,1.68363075307798,4.36666692194639
-1.85,1.67435575307798,4.32754324030077
-1.84,1.66513075307798,4.28877009202371
-1.83,1.65595575307798,4.25034433646899
-1.82,1.64683075307798,4.21226286112941
-1.81,1.63775575307798,4.17452258138464
-1.8,1.62873075307798,4.13712044025139
-1.79,1.61975575307798,4.10005340813578
-1.78,1.61083075307798,4.06331848258794
-1.77,1.60195575307798,4.02691268805881
-1.76,1.59313075307798,3.99083307565913
-1.75,1.58435575307798,3.95507672292058
-1.74,1.57563075307798,3.91964073355902
-1.73,1.56695575307798,3.88452223723996
-1.72,1.55833075307798,3.84971838934598
-1.71,1.54975575307798,3.81522637074637
-1.7,1.54123075307798,3.78104338756878
-1.69,1.53275575307798,3.74716667097287
-1.68,1.52433075307798,3.71359347692608
-1.67,1.51595575307798,3.68032108598133
-1.66,1.50763075307798,3.64734680305677
-1.65,1.49935575307798,3.61466795721745
-1.64,1.49113075307798,3.58228190145898
-1.63,1.48295575307798,3.55018601249316
-1.62,1.47483075307798,3.51837769053541
-1.61,1.46675575307798,3.48685435909428
-1.6,1.45873075307798,3.45561346476267
-1.59,1.45075575307798,3.42465247701108
-1.58,1.44283075307798,3.39396888798255
-1.57,1.43495575307798,3.36356021228961
-1.56,1.42713075307798,3.3334239868129
-1.55,1.41935575307798,3.30355777050167
-1.54,1.41163075307798,3.27395914417608
-1.53,1.40395575307798,3.24462571033121
-1.52,1.39633075307798,3.21555509294288
-1.51,1.38875575307798,3.18674493727518
-1.5,1.38123075307798,3.15819290968977
-1.49,1.37375575307798,3.12989669745678
-1.48,1.36633075307798,3.10185400856757
-1.47,1.35895575307798,3.07406257154899
-1.46,1.35163075307798,3.04652013527946
-1.45,1.34435575307798,3.01922446880657
-1.44,1.33713075307798,2.99217336116642
-1.43,1.32995575307798,2.9653646212045
-1.42,1.32283075307798,2.93879607739822
-1.41,1.31575575307798,2.91246557768099
-1.4,1.30873075307798,2.88637098926796
-1.39,1.30175575307798,2.86051019848318
-1.38,1.29483075307798,2.83488111058847
-1.37,1.28795575307798,2.80948164961369
-1.36,1.28113075307798,2.78430975818862
-1.35,1.27435575307798,2.75936339737628
-1.34,1.26763075307798,2.73464054650782
-1.33,1.26095575307798,2.7101392030188
-1.32,1.25433075307798,2.68585738228699
-1.31,1.24775575307798,2.66179311747164
-1.3,1.24123075307798,2.63794445935415
-1.29,1.23475575307798,2.61430947618017
-1.28,1.22833075307798,2.59088625350313
-1.27,1.22195575307798,2.5676728940292
-1.26,1.21563075307798,2.54466751746357
-1.25,1.20935575307798,2.52186826035815
-1.24,1.20313075307798,2.49927327596065
-1.23,1.19695575307798,2.47688073406499
-1.22,1.19083075307798,2.45468882086303
-1.21,1.18475575307798,2.43269573879766
-1.2,1.17873075307798,2.41089970641721
-1.19,1.17275575307798,2.38929895823115
-1.18,1.16683075307798,2.36789174456705
-1.17,1.16095575307798,2.34667633142891
-1.16,1.15513075307798,2.32565100035667
-1.15,1.14935575307798,2.30481404828701
-1.14,1.14363075307798,2.28416378741542
-1.13,1.13795575307798,2.26369854505949
-1.12,1.13233075307798,2.24341666352338
-1.11,1.12675575307798,2.22331649996361
-1.1,1.12123075307798,2.20339642625594
-1.09,1.11575575307798,2.1836548288635
-1.08,1.11033075307798,2.16409010870612
-1.07,1.10495575307798,2.14470068103077
-1.06,1.09963075307798,2.12548497528319
-1.05,1.09435575307798,2.10644143498073
-1.04,1.08913075307798,2.0875685175862
-1.03,1.08395575307798,2.06886469438297
-1.02,1.07883075307798,2.05032845035115
-1.01,1.07375575307798,2.03195828404482
-1,1.06873075307798,2.01375270747048
-0.99,1.06375575307798,1.99571024596646
-0.98,1.05883075307798,1.97782943808353
-0.97,1.05395575307798,1.96010883546646
-0.96,1.04913075307798,1.94254700273675
-0.95,1.04435575307798,1.92514251737636
-0.94,1.03963075307798,1.90789396961245
-0.93,1.03495575307798,1.89079996230323
-0.92,1.03033075307798,1.87385911082474
-0.91,1.02575575307798,1.85707004295877
-0.9,1.02123075307798,1.84043139878164
-0.89,1.01675575307798,1.82394183055406
-0.88,1.01233075307798,1.807600002612
-0.87,1.00795575307798,1.79140459125847
-0.86,1.00363075307798,1.77535428465627
-0.85,0.999355753077982,1.75944778272181
-0.84,0.995130753077982,1.74368379701974
-0.83,0.990955753077982,1.72806105065858
-0.82,0.986830753077982,1.71257827818735
-0.81,0.982755753077982,1.697234225493
-0.8,0.978730753077982,1.68202764969889
-0.79,0.974755753077982,1.66695731906405
-0.78,0.970830753077982,1.65202201288346
-0.77,0.966955753077982,1.63722052138917
-0.76,0.963130753077982,1.62255164565226
-0.75,0.959355753077982,1.60801419748578
-0.74,0.955630753077982,1.59360699934848
-0.73,0.951955753077982,1.57932888424944
-0.72,0.948330753077982,1.56517869565352
-0.71,0.944755753077982,1.55115528738771
-0.7,0.941230753077982,1.53725752354828
-0.69,0.937755753077982,1.52348427840875
-0.68,0.934330753077982,1.50983443632875
-0.67,0.930955753077982,1.49630689166358
-0.66,0.927630753077982,1.48290054867475
-0.65,0.924355753077982,1.46961432144114
-0.64,0.921130753077982,1.45644713377109
-0.63,0.917955753077982,1.44339791911518
-0.62,0.914830753077982,1.4304656204799
-0.61,0.911755753077982,1.41764919034199
-0.6,0.908730753077982,1.40494759056359
-0.59,0.905755753077982,1.39235979230819
-0.58,0.902830753077982,1.37988477595725
-0.57,0.899955753077982,1.3675215310276
-0.56,0.897130753077982,1.35526905608967
-0.55,0.894355753077982,1.34312635868628
-0.54,0.891630753077982,1.33109245525229
-0.53,0.888955753077982,1.31916637103496
-0.52,0.886330753077982,1.30734714001494
-0.51,0.883755753077982,1.29563380482805
-0.5,0.881230753077982,1.28402541668774
-0.49,0.878755753077982,1.27252103530823
-0.48,0.876330753077982,1.26111972882833
-0.47,0.873955753077982,1.24982057373598
-0.46,0.871630753077982,1.23862265479345
-0.45,0.869355753077982,1.22752506496318
-0.44,0.867130753077982,1.21652690533432
-0.43,0.864955753077982,1.20562728504992
-0.42,0.862830753077982,1.1948253212348
-0.41,0.860755753077982,1.18412013892397
-0.4,0.858730753077982,1.17351087099181
-0.39,0.856755753077982,1.16299665808182
-0.38,0.854830753077982,1.152576648537
-0.37,0.852955753077982,1.14224999833089
-0.36,0.851130753077982,1.13201587099918
-0.35,0.849355753077982,1.12187343757194
-0.34,0.847630753077982,1.11182187650653
-0.33,0.845955753077982,1.10186037362101
-0.32,0.844330753077982,1.0919881220282
-0.31,0.842755753077982,1.08220432207031
-0.3,0.841230753077982,1.07250818125422
-0.29,0.839755753077982,1.0628989141872
-0.28,0.838330753077982,1.05337574251336
-0.27,0.836955753077982,1.04393789485061
-0.26,0.835630753077982,1.03458460672812
-0.25,0.834355753077982,1.02531512052443
-0.24,0.833130753077982,1.01612868540609
-0.23,0.831955753077982,1.00702455726685
-0.22,0.830830753077982,0.998001998667333
-0.21,0.829755753077982,0.989060278775369
-0.2,0.828730753077982,0.980198673306755
-0.19,0.827755753077982,0.971416464466605
-0.18,0.826830753077982,0.9627129408912
-0.17,0.825955753077982,0.954087397590371
-0.16,0.825130753077982,0.945539135890396
-0.15,0.824355753077982,0.937067463377403
-0.14,0.823630753077982,0.928671693841287
-0.13,0.822955753077982,0.920351147220125
-0.12,0.822330753077982,0.91210514954509
-0.11,0.821755753077982,0.903933032885864
-0.1,0.821230753077982,0.895834135296528
-0.0899999999999999,0.820755753077982,0.88780780076195
-0.0800000000000001,0.820330753077982,0.879853379144644
-0.0699999999999998,0.819955753077982,0.871970226132109
-0.06,0.819630753077982,0.864157703184643
-0.0499999999999998,0.819355753077982,0.856415177483613
-0.04,0.819130753077982,0.848742021880207
-0.0299999999999998,0.818955753077982,0.841137614844623
-0.02,0.818830753077982,0.833601340415735
-0.00999999999999979,0.818755753077982,0.826132588151194
0,0.818730753077982,0.818730753077982
0.0100000000000002,0.818755753077982,0.821190633312658
0.02,0.818830753077982,0.823657904268577
0.0300000000000002,0.818955753077982,0.826132588151194
0.04,0.819130753077982,0.828614707232681
0.0500000000000003,0.819355753077982,0.831104283852126
0.06,0.819630753077982,0.833601340415735
0.0700000000000003,0.819955753077982,0.836105899397036
0.0800000000000001,0.820330753077982,0.838617983337074
0.0899999999999999,0.820755753077982,0.841137614844623
0.1,0.821230753077982,0.843664816596384
0.11,0.821755753077982,0.846199611337188
0.12,0.822330753077982,0.848742021880207
0.13,0.822955753077982,0.851292071107151
0.14,0.823630753077982,0.853849781968482
0.15,0.824355753077982,0.856415177483614
0.16,0.825130753077982,0.858988280741124
0.17,0.825955753077982,0.861569114898958
0.18,0.826830753077982,0.864157703184643
0.19,0.827755753077982,0.866754068895489
0.2,0.828730753077982,0.869358235398806
0.21,0.829755753077982,0.871970226132109
0.22,0.830830753077982,0.874590064603334
0.23,0.831955753077982,0.877217774391044
0.24,0.833130753077982,0.879853379144644
0.25,0.834355753077982,0.882496902584595
0.26,0.835630753077982,0.885148368502627
0.27,0.836955753077982,0.88780780076195
0.28,0.838330753077982,0.890475223297473
0.29,0.839755753077982,0.893150660116016
0.3,0.841230753077982,0.895834135296528
0.31,0.842755753077982,0.898525672990306
0.32,0.844330753077982,0.901225297421205
0.33,0.845955753077982,0.903933032885864
0.34,0.847630753077982,0.906648903753921
0.35,0.849355753077982,0.909372934468231
0.36,0.851130753077982,0.91210514954509
0.37,0.852955753077982,0.914845573574452
0.38,0.854830753077982,0.917594231220151
0.39,0.856755753077982,0.920351147220125
0.4,0.858730753077982,0.923116346386636
0.41,0.860755753077982,0.925889853606495
0.42,0.862830753077982,0.928671693841287
0.43,0.864955753077982,0.931461892127592
0.44,0.867130753077982,0.934260473577214
0.45,0.869355753077982,0.937067463377403
0.46,0.871630753077982,0.939882886791089
0.47,0.873955753077982,0.9427067691571
0.48,0.876330753077982,0.945539135890396
0.49,0.878755753077982,0.948380012482298
0.5,0.881230753077982,0.951229424500714
0.51,0.883755753077982,0.954087397590371
0.52,0.886330753077982,0.956953957473047
0.53,0.888955753077982,0.959829129947799
0.54,0.891630753077982,0.9627129408912
0.55,0.894355753077982,0.965605416257566
0.56,0.897130753077982,0.968506582079198
0.57,0.899955753077982,0.971416464466605
0.58,0.902830753077982,0.974335089608749
0.59,0.905755753077982,0.977262483773277
0.6,0.908730753077982,0.980198673306755
0.61,0.911755753077982,0.98314368463491
0.62,0.914830753077982,0.986097544262862
0.63,0.917955753077982,0.989060278775369
0.64,0.921130753077982,0.992031914837061
0.65,0.924355753077982,0.995012479192682
0.66,0.927630753077982,0.998001998667333
0.67,0.930955753077982,1.00100050016671
0.68,0.934330753077982,1.00400801067734
0.69,0.937755753077982,1.00702455726685
0.7,0.941230753077982,1.01005016708417
0.71,0.944755753077982,1.01308486735981
0.72,0.948330753077982,1.01612868540609
0.73,0.951955753077982,1.01918164861741
0.74,0.955630753077982,1.02224378447044
0.75,0.959355753077982,1.02531512052443
0.76,0.963130753077982,1.02839568442143
0.77,0.966955753077982,1.03148550388652
0.78,0.970830753077982,1.03458460672812
0.79,0.974755753077982,1.03769302083816
0.8,0.978730753077982,1.04081077419239
0.81,0.982755753077982,1.04393789485061
0.82,0.986830753077982,1.04707441095694
0.83,0.990955753077982,1.05022035074003
0.84,0.995130753077982,1.05337574251336
0.85,0.999355753077982,1.05654061467549
0.86,1.00363075307798,1.05971499571029
0.87,1.00795575307798,1.0628989141872
0.88,1.01233075307798,1.06609239876151
0.89,1.01675575307798,1.0692954781746
0.9,1.02123075307798,1.07250818125422
0.91,1.02575575307798,1.0757305369147
0.92,1.03033075307798,1.07896257415728
0.93,1.03495575307798,1.08220432207031
0.94,1.03963075307798,1.08545580982955
0.95,1.04435575307798,1.0887170666984
0.96,1.04913075307798,1.0919881220282
0.97,1.05395575307798,1.09526900525847
0.98,1.05883075307798,1.09855974591717
0.99,1.06375575307798,1.10186037362101
1,1.06873075307798,1.10517091807565
1.01,1.07375575307798,1.10849140907601
1.02,1.07883075307798,1.11182187650653
1.03,1.08395575307798,1.11516235034145
1.04,1.08913075307798,1.11851286064505
1.05,1.09435575307798,1.12187343757194
1.06,1.09963075307798,1.12524411136734
1.07,1.10495575307798,1.12862491236734
1.08,1.11033075307798,1.13201587099918
1.09,1.11575575307798,1.13541701778149
1.1,1.12123075307798,1.13882838332462
1.11,1.12675575307798,1.14224999833089
1.12,1.13233075307798,1.14568189359486
1.13,1.13795575307798,1.14912410000361
1.14,1.14363075307798,1.152576648537
1.15,1.14935575307798,1.15603957026802
1.16,1.15513075307798,1.15951289636297
1.17,1.16095575307798,1.16299665808182
1.18,1.16683075307798,1.16649088677844
1.19,1.17275575307798,1.16999561390091
1.2,1.17873075307798,1.17351087099181
1.21,1.18475575307798,1.17703668968847
1.22,1.19083075307798,1.18057310172328
1.23,1.19695575307798,1.18412013892397
1.24,1.20313075307798,1.18767783321391
1.25,1.20935575307798,1.19124621661236
1.26,1.21563075307798,1.1948253212348
1.27,1.22195575307798,1.1984151792932
1.28,1.22833075307798,1.2020158230963
1.29,1.23475575307798,1.20562728504992
1.3,1.24123075307798,1.20924959765725
1.31,1.24775575307798,1.21288279351912
1.32,1.25433075307798,1.21652690533432
1.33,1.26095575307798,1.22018196589987
1.34,1.26763075307798,1.22384800811136
1.35,1.27435575307798,1.22752506496318
1.36,1.28113075307798,1.23121316954887
1.37,1.28795575307798,1.23491235506139
1.38,1.29483075307798,1.23862265479345
1.39,1.30175575307798,1.24234410213776
1.4,1.30873075307798,1.24607673058738
1.41,1.31575575307798,1.24982057373598
1.42,1.32283075307798,1.25357566527819
1.43,1.32995575307798,1.25734203900984
1.44,1.33713075307798,1.26111972882833
1.45,1.34435575307798,1.26490876873289
1.46,1.35163075307798,1.26870919282491
1.47,1.35895575307798,1.27252103530823
1.48,1.36633075307798,1.27634433048945
1.49,1.37375575307798,1.28017911277827
1.5,1.38123075307798,1.28402541668774
1.51,1.38875575307798,1.28788327683463
1.52,1.39633075307798,1.2917527279397
1.53,1.40395575307798,1.29563380482805
1.54,1.41163075307798,1.29952654242938
1.55,1.41935575307798,1.30343097577837
1.56,1.42713075307798,1.30734714001494
1.57,1.43495575307798,1.31127507038459
1.58,1.44283075307798,1.31521480223872
1.59,1.45075575307798,1.31916637103496
1.6,1.45873075307798,1.32312981233744
1.61,1.46675575307798,1.32710516181716
1.62,1.47483075307798,1.33109245525229
1.63,1.48295575307798,1.33509172852851
1.64,1.49113075307798,1.33910301763929
1.65,1.49935575307798,1.34312635868628
1.66,1.50763075307798,1.34716178787955
1.67,1.51595575307798,1.35120934153802
1.68,1.52433075307798,1.35526905608967
1.69,1.53275575307798,1.35934096807198
1.7,1.54123075307798,1.36342511413218
1.71,1.54975575307798,1.36752153102761
1.72,1.55833075307798,1.37163025562604
1.73,1.56695575307798,1.37575132490604
1.74,1.57563075307798,1.37988477595725
1.75,1.58435575307798,1.38403064598075
1.76,1.59313075307798,1.38818897228941
1.77,1.60195575307798,1.39235979230819
1.78,1.61083075307798,1.39654314357451
1.79,1.61975575307798,1.40073906373854
1.8,1.62873075307798,1.40494759056359
1.81,1.63775575307798,1.40916876192645
1.82,1.64683075307798,1.41340261581768
1.83,1.65595575307798,1.41764919034199
1.84,1.66513075307798,1.42190852371858
1.85,1.67435575307798,1.42618065428148
1.86,1.68363075307798,1.4304656204799
1.87,1.69295575307798,1.43476346087856
1.88,1.70233075307798,1.43907421415805
1.89,1.71175575307798,1.44339791911518
1.9,1.72123075307798,1.44773461466332
1.91,1.73075575307798,1.45208433983278
1.92,1.74033075307798,1.45644713377109
1.93,1.74995575307798,1.46082303574343
1.94,1.75963075307798,1.46521208513296
1.95,1.76935575307798,1.46961432144114
1.96,1.77913075307798,1.47402978428814
1.97,1.78895575307798,1.47845851341315
1.98,1.79883075307798,1.48290054867475
1.99,1.80875575307798,1.48735593005131
2,1.81873075307798,1.49182469764127
2.01,1.82875575307798,1.49630689166358
2.02,1.83883075307798,1.50080255245802
2.03,1.84895575307798,1.50531172048556
2.04,1.85913075307798,1.50983443632874
2.05,1.86935575307798,1.51437074069205
2.06,1.87963075307798,1.51892067440224
2.07,1.88995575307798,1.52348427840875
2.08,1.90033075307798,1.52806159378406
2.09,1.91075575307798,1.53265266172402
2.1,1.92123075307798,1.53725752354828
2.11,1.93175575307798,1.54187622070063
2.12,1.94233075307798,1.54650879474938
2.13,1.95295575307798,1.55115528738771
2.14,1.96363075307798,1.55581574043411
2.15,1.97435575307798,1.56049019583267
2.16,1.98513075307798,1.56517869565352
2.17,1.99595575307798,1.5698812820932
2.18,2.00683075307798,1.57459799747502
2.19,2.01775575307798,1.57932888424944
2.2,2.02873075307798,1.58407398499448
2.21,2.03975575307798,1.58883334241608
2.22,2.05083075307798,1.59360699934848
2.23,2.06195575307798,1.59839499875464
2.24,2.07313075307798,1.60319738372657
2.25,2.08435575307798,1.60801419748578
2.26,2.09563075307798,1.61284548338362
2.27,2.10695575307798,1.6176912849017
2.28,2.11833075307798,1.62255164565226
2.29,2.12975575307798,1.62742660937859
2.3,2.14123075307798,1.63231621995538
2.31,2.15275575307798,1.63722052138917
2.32,2.16433075307798,1.64213955781871
2.33,2.17595575307798,1.64707337351534
2.34,2.18763075307798,1.65202201288346
2.35,2.19935575307798,1.65698552046085
2.36,2.21113075307798,1.66196394091911
2.37,2.22295575307798,1.66695731906405
2.38,2.23483075307798,1.67196569983611
2.39,2.24675575307798,1.67698912831076
2.4,2.25873075307798,1.68202764969889
2.41,2.27075575307798,1.68708130934721
2.42,2.28283075307798,1.69215015273871
2.43,2.29495575307798,1.697234225493
2.44,2.30713075307798,1.70233357336678
2.45,2.31935575307798,1.70744824225421
2.46,2.33163075307798,1.71257827818735
2.47,2.34395575307798,1.71772372733655
2.48,2.35633075307798,1.72288463601089
2.49,2.36875575307798,1.72806105065858
2.5,2.38123075307798,1.7332530178674
2.51,2.39375575307798,1.73846058436507
2.52,2.40633075307798,1.74368379701974
2.53,2.41895575307798,1.74892270284035
2.54,2.43163075307798,1.75417734897709
2.55,2.44435575307798,1.75944778272181
2.56,2.45713075307798,1.76473405150846
2.57,2.46995575307798,1.77003620291348
2.58,2.48283075307798,1.77535428465627
2.59,2.49575575307798,1.78068834459961
2.6,2.50873075307798,1.78603843075007
2.61,2.52175575307798,1.79140459125847
2.62,2.53483075307798,1.79678687442027
2.63,2.54795575307798,1.80218532867608
2.64,2.56113075307798,1.807600002612
2.65,2.57435575307798,1.81303094496016
2.66,2.58763075307798,1.81847820459905
2.67,2.60095575307798,1.82394183055406
2.68,2.61433075307798,1.82942187199786
2.69,2.62775575307798,1.83491837825085
2.7,2.64123075307798,1.84043139878164
2.71,2.65475575307798,1.84596098320743
2.72,2.66833075307798,1.85150718129454
2.73,2.68195575307798,1.85707004295877
2.74,2.69563075307798,1.86264961826593
2.75,2.70935575307798,1.86824595743222
2.76,2.72313075307798,1.87385911082474
2.77,2.73695575307798,1.87948912896191
2.78,2.75083075307798,1.88513606251392
2.79,2.76475575307798,1.89079996230323
2.8,2.77873075307798,1.89648087930495
2.81,2.79275575307798,1.90217886464739
2.82,2.80683075307798,1.90789396961245
2.83,2.82095575307798,1.91362624563612
2.84,2.83513075307798,1.91937574430891
2.85,2.84935575307798,1.92514251737636
2.86,2.86363075307798,1.93092661673946
2.87,2.87795575307798,1.93672809445515
2.88,2.89233075307798,1.94254700273675
2.89,2.90675575307798,1.9483833939545
2.9,2.92123075307798,1.95423732063594
2.91,2.93575575307798,1.96010883546646
2.92,2.95033075307798,1.96599799128973
2.93,2.96495575307798,1.97190484110819
2.94,2.97963075307798,1.97782943808353
2.95,2.99435575307798,1.98377183553716
2.96,3.00913075307798,1.9897320869507
2.97,3.02395575307798,1.99571024596646
2.98,3.03883075307798,2.0017063663879
2.99,3.05375575307798,2.00772050218015
3,3.06873075307798,2.01375270747048
