"date","close"
2024-01-02,16769.359375
2024-01-03,16538.390625
2024-01-04,16617.2890625
2024-01-05,16594.2109375
2024-01-08,16716.470703125
2024-01-09,16688.359375
2024-01-10,16689.810546875
2024-01-11,16547.029296875
2024-01-12,16704.560546875
2024-01-15,16622.220703125
2024-01-16,16571.6796875
2024-01-17,16431.689453125
2024-01-18,16567.349609375
2024-01-19,16555.130859375
2024-01-22,16683.359375
2024-01-23,16627.08984375
2024-01-24,16889.919921875
2024-01-25,16906.919921875
2024-01-26,16961.390625
2024-01-29,16941.7109375
2024-01-30,16972.33984375
2024-01-31,16903.759765625
2024-02-01,16859.0390625
2024-02-02,16918.2109375
2024-02-05,16904.060546875
2024-02-06,17033.240234375
2024-02-07,16921.9609375
2024-02-08,16963.830078125
2024-02-09,16926.5
2024-02-12,17037.349609375
2024-02-13,16880.830078125
2024-02-14,16945.48046875
2024-02-15,17046.689453125
2024-02-16,17117.439453125
2024-02-19,17092.259765625
2024-02-20,17068.4296875
2024-02-21,17118.119140625
2024-02-22,17370.44921875
2024-02-23,17419.330078125
2024-02-26,17423.23046875
2024-02-27,17556.490234375
2024-02-28,17601.220703125
2024-02-29,17678.189453125
2024-03-01,17735.0703125
2024-03-04,17716.169921875
2024-03-05,17698.400390625
2024-03-06,17716.7109375
2024-03-07,17842.849609375
2024-03-08,17814.509765625
2024-03-11,17746.26953125
2024-03-12,17965.109375
2024-03-13,17961.380859375
2024-03-14,17942.0390625
2024-03-15,17936.650390625
2024-03-18,17932.6796875
2024-03-19,17987.490234375
2024-03-20,18015.130859375
2024-03-21,18179.25
2024-03-22,18205.939453125
2024-03-25,18261.310546875
2024-03-26,18384.349609375
2024-03-27,18477.08984375
2024-03-28,18492.490234375
2024-04-02,18283.130859375
2024-04-03,18367.720703125
2024-04-04,18403.130859375
2024-04-05,18175.0390625
2024-04-08,18318.970703125
2024-04-09,18076.689453125
2024-04-10,18097.30078125
2024-04-11,17954.48046875
2024-04-12,17930.3203125
2024-04-15,18026.580078125
2024-04-16,17766.23046875
2024-04-17,17770.01953125
2024-04-18,17837.400390625
2024-04-19,17737.359375
2024-04-22,17860.80078125
2024-04-23,18137.650390625
2024-04-24,18088.69921875
2024-04-25,17917.279296875
2024-04-26,18161.009765625
2024-04-29,18118.3203125
2024-04-30,17932.169921875
2024-05-02,17896.5
2024-05-03,18001.599609375
2024-05-06,18175.2109375
2024-05-07,18430.05078125
2024-05-08,18498.380859375
2024-05-09,18686.599609375
2024-05-10,18772.849609375
2024-05-13,18742.220703125
2024-05-14,18716.419921875
2024-05-15,18869.359375
2024-05-16,18738.810546875
2024-05-17,18704.419921875
2024-05-20,18768.9609375
2024-05-21,18726.759765625
2024-05-22,18680.19921875
2024-05-23,18691.3203125
2024-05-24,18693.369140625
2024-05-27,18774.7109375
2024-05-28,18677.869140625
2024-05-29,18473.2890625
2024-05-30,18496.7890625
2024-05-31,18497.939453125
2024-06-03,18608.16015625
2024-06-04,18405.640625
2024-06-05,18575.939453125
2024-06-06,18652.669921875
2024-06-07,18557.26953125
2024-06-10,18494.890625
2024-06-11,18369.939453125
2024-06-12,18630.859375
2024-06-13,18265.6796875
2024-06-14,18002.01953125
2024-06-17,18068.2109375
2024-06-18,18131.970703125
2024-06-19,18067.91015625
2024-06-20,18254.1796875
2024-06-21,18163.51953125
2024-06-24,18325.580078125
2024-06-25,18177.619140625
2024-06-26,18155.240234375
2024-06-27,18210.55078125
2024-06-28,18235.44921875
2024-07-01,18290.66015625
2024-07-02,18164.060546875
2024-07-03,18374.529296875
2024-07-04,18450.48046875
2024-07-05,18475.44921875
2024-07-08,18472.05078125
2024-07-09,18236.189453125
2024-07-10,18407.220703125
2024-07-11,18534.560546875
2024-07-12,18748.1796875
2024-07-15,18590.890625
2024-07-16,18518.029296875
2024-07-17,18437.30078125
2024-07-18,18354.759765625
2024-07-19,18171.9296875
2024-07-22,18407.0703125
2024-07-23,18557.69921875
2024-07-24,18387.4609375
2024-07-25,18298.720703125
2024-07-26,18417.55078125
2024-07-29,18320.669921875
2024-07-30,18411.1796875
2024-07-31,18508.650390625
2024-08-01,18083.05078125
2024-08-02,17661.220703125
2024-08-05,17339
2024-08-06,17354.3203125
2024-08-07,17615.150390625
2024-08-08,17680.400390625
2024-08-09,17722.880859375
2024-08-12,17726.470703125
2024-08-13,17812.05078125
2024-08-14,17885.599609375
2024-08-15,18183.240234375
2024-08-16,18322.400390625
2024-08-19,18421.689453125
2024-08-20,18357.51953125
2024-08-21,18448.94921875
2024-08-22,18493.390625
2024-08-23,18633.099609375
2024-08-26,18617.01953125
2024-08-27,18681.810546875
2024-08-28,18782.2890625
2024-08-29,18912.5703125
2024-08-30,18906.919921875
2024-09-02,18930.849609375
2024-09-03,18747.109375
2024-09-04,18591.849609375
2024-09-05,18576.5
2024-09-06,18301.900390625
2024-09-09,18443.560546875
2024-09-10,18265.919921875
2024-09-11,18330.26953125
2024-09-12,18518.390625
2024-09-13,18699.400390625
2024-09-16,18633.109375
2024-09-17,18726.080078125
2024-09-18,18711.490234375
2024-09-19,19002.380859375
2024-09-20,18720.009765625
2024-09-23,18846.7890625
2024-09-24,18996.630859375
2024-09-25,18918.5
2024-09-26,19238.359375
2024-09-27,19473.630859375
2024-09-30,19324.9296875
2024-10-01,19213.140625
2024-10-02,19164.75
2024-10-03,19015.41015625
2024-10-04,19120.9296875
2024-10-07,19104.099609375
2024-10-08,19066.470703125
2024-10-09,19254.9296875
2024-10-10,19210.900390625
2024-10-11,19373.830078125
2024-10-14,19508.2890625
2024-10-15,19486.189453125
2024-10-16,19432.810546875
2024-10-17,19583.390625
2024-10-18,19657.369140625
2024-10-21,19461.189453125
2024-10-22,19421.91015625
2024-10-23,19377.619140625
2024-10-24,19443
2024-10-25,19463.58984375
2024-10-28,19531.619140625
2024-10-29,19478.0703125
2024-10-30,19257.33984375
2024-10-31,19077.5390625
2024-11-01,19254.970703125
2024-11-04,19147.849609375
2024-11-05,19256.26953125
2024-11-06,19039.310546875
2024-11-07,19362.51953125
2024-11-08,19215.48046875
2024-11-11,19448.599609375
2024-11-12,19033.640625
2024-11-13,19003.109375
2024-11-14,19263.69921875
2024-11-15,19210.810546875
2024-11-18,19189.189453125
2024-11-19,19060.310546875
2024-11-20,19004.779296875
2024-11-21,19146.169921875
2024-11-22,19322.58984375
2024-11-25,19405.19921875
2024-11-26,19295.98046875
2024-11-27,19261.75
2024-11-28,19425.73046875
2024-11-29,19626.44921875
2024-12-02,19933.619140625
2024-12-03,20016.75
2024-12-04,20232.140625
2024-12-05,20358.80078125
2024-12-06,20384.609375
2024-12-09,20345.9609375
2024-12-10,20329.16015625
2024-12-11,20399.16015625
2024-12-12,20426.26953125
2024-12-13,20405.919921875
2024-12-16,20313.810546875
2024-12-17,20246.369140625
2024-12-18,20242.5703125
2024-12-19,19969.859375
2024-12-20,19884.75
2024-12-23,19848.76953125
2024-12-27,19984.3203125
2024-12-30,19909.140625
