"x","y","mean","kernel_weight"
0.00235055829398334,1.08569374101446,1.00938013267876,0.749933698508479
0.0032451655715704,1.15100613652443,1.01293853788793,0.749873626804957
0.00484743388369679,1.00768829370391,1.01929574507376,0.749718028616918
0.00623817881569266,1.10491016438451,1.02479705576302,0.749533021500761
0.0091802035458386,1.22132665433194,1.03638370963478,0.748988686354284
0.00927545921877027,0.966435683463058,1.0367577003002,0.748967590275371
0.00943544064648449,0.895490823737611,1.03738565242516,0.74893166951768
0.0114927897229791,1.20802775141099,1.04544282202945,0.748414989412601
0.0127524591516703,1.25417105026952,1.05035933574902,0.74804849742702
0.0131270554848015,0.781690723171948,1.0518189435964,0.747932164971587
0.01313979877159,0.823105876084612,1.05186857783933,0.747928148258906
0.0137588225770742,1.07364861377315,1.05427806951347,0.747728337615511
0.0173035976476967,0.952309184396845,1.06801673262457,0.74640702610136
0.0229087336920202,1.14075645144634,1.08953569445059,0.743702279047537
0.0261582178063691,1.14836461167616,1.10189586179025,0.741788971694335
0.0289395228028297,1.07548814665111,1.1124081072911,0.739950048239334
0.032617051852867,1.08434103553767,1.12621271912518,0.737233535141129
0.0357782444916666,1.55152516667194,1.13799264685104,0.734639006653134
0.0378554351627827,1.03501682338649,1.14568960476568,0.732803592343636
0.041829657740891,0.879533661230628,1.16031974989668,0.729003356799359
0.0428224091883749,1.532991508426,1.16395460183871,0.727994895255641
0.0452561506535858,1.47171388178789,1.17283212592642,0.725422569936239
0.0469010537490249,1.05719821370794,1.17880537962502,0.723603493886773
0.0523388788569719,1.44197613603448,1.19839808246787,0.717127701119943
0.0542648206464946,0.797288588695617,1.20528059954679,0.714663950882445
0.0562265410553664,1.33500455876162,1.21226046854526,0.71206291297139
0.0575094309169799,1.22216077781061,1.21680838509034,0.710311984267261
0.057574856095016,1.247410710045,1.21703996816262,0.710221631347658
0.0580085183028132,1.19906678937392,1.2185741204285,0.709620141651746
0.0606004591099918,1.25009333044666,1.2277121738626,0.705931012267899
0.0626855036243796,1.19313392106426,1.23502412503895,0.702846331624295
0.0641191413160414,1.4082603528915,1.24003150813174,0.700664828602722
0.0652607951778919,1.49839093382963,1.24400729516256,0.698892343352991
0.0692920032888651,1.13056989061573,1.25796248627632,0.692383419362591
0.0726293919142336,1.391861955125,1.26941745337761,0.686699657162024
0.0775125734508038,1.28111047086267,1.28601749763135,0.677901611484405
0.0822365249041468,0.808359541557431,1.30189471550335,0.668845847660276
0.0834676255472004,1.27469163010149,1.30600312413085,0.666397865826148
0.0839431216008961,1.11192480598649,1.30758669574717,0.665442628030766
0.0851886884775013,1.10486514655949,1.31172630333194,0.662914648265799
0.0885300280060619,1.49243163011422,1.32276984858923,0.655949209694951
0.0907864212058485,1.37703977489104,1.33017698772193,0.651093908695611
0.0908205972518772,1.29420869365206,1.33028886546676,0.651019429377748
0.0908740186132491,1.31523159117633,1.33046372541731,0.650902952892946
0.093315101461485,1.24253868571587,1.33842957320287,0.645507502070793
0.0944793063681573,1.12375464841083,1.3422118681454,0.642883928018303
0.0974453864619136,1.69464150999344,1.35179913247681,0.63605275988746
0.098833775613457,1.42935394154347,1.35626264164578,0.632782617575866
0.0998115541879088,1.26988135217274,1.35939683135401,0.63045184380713
0.101373892277479,1.06429906789845,1.36438890496797,0.626680007574169
0.106745358556509,1.73527368517076,1.38140314793261,0.613265141119708
0.110018899431452,1.40384695704396,1.39165896479738,0.604750101214704
0.110822427319363,1.49626189559535,1.39416326768963,0.602620675236535
0.113047877792269,1.41698798988628,1.40107222047573,0.59664212791997
0.118346546078101,1.30876017054552,1.41736256443794,0.581929140376608
0.118592732120305,1.58693000933425,1.41811398403419,0.581229166658898
0.119564038934186,1.30669406426295,1.42107391811172,0.578453287124933
0.121070337947458,1.5138724355855,1.42564924486699,0.57410367923146
0.123563685221598,1.4725520493758,1.43318280366422,0.566784188333495
0.126768273999915,1.63034130039771,1.44279231482799,0.557157656484991
0.126904467353597,1.72799375845725,1.44319889407719,0.556743073988397
0.129908979870379,1.54837964259656,1.45213054727767,0.54748388338845
0.131803632481024,1.57446954905813,1.45772573978332,0.541533629577687
0.13188051758334,1.57005294624461,1.45795218666116,0.541290348983403
0.133198821917176,1.56271767142651,1.46182758302821,0.537096886078516
0.13389821187593,1.40409402833804,1.46387792292944,0.534855226277141
0.13410791545175,1.72632143015327,1.46449192985975,0.534180804158235
0.135901975911111,1.29272388206942,1.46973051541827,0.528367835321471
0.142745189135894,1.22051155684546,1.48947600045781,0.505485731742694
0.144549513002858,1.56508983116233,1.49461980517398,0.499265259487641
0.147981523070484,1.93442623012156,1.5043319676009,0.487217625956876
0.148007453884929,1.20437255524419,1.50440498991772,0.487125523134006
0.148979966761544,1.63218203544846,1.50713974506109,0.48365963404475
0.149236024357378,1.79164264409576,1.50785853356553,0.482743308408047
0.153058927040547,1.32648722156989,1.51852756757497,0.468875578238358
0.154351989738643,1.29048492080535,1.52210981200946,0.464105559164662
0.154581487178802,1.35014964344845,1.52274420400157,0.463254765859077
0.155069516738877,1.59487435516706,1.52409184686899,0.461441339740455
0.158801821293309,1.64008352635542,1.53433521138895,0.447383778647134
0.159433516673744,1.33683301039294,1.53605788173915,0.444971445132517
0.160186576889828,1.64389801194662,1.53810734989659,0.442083127011831
0.161249468335882,1.75163117010502,1.54099230918911,0.437983307536745
0.161767804296687,1.6984074846305,1.54239592715886,0.435974129916344
0.16533024632372,1.41056594615025,1.55198462389703,0.421990915806458
0.165700193727389,1.75706488121756,1.55297455810438,0.420521349584469
0.166553557384759,1.50869120791667,1.55525387962896,0.417118950269781
0.167588989716023,1.53710466359162,1.55801168096794,0.412967166311552
0.169890137854964,1.58858080222048,1.56410991565834,0.403648092715458
0.172139311442152,1.57506015719088,1.57002947559349,0.394416689474663
0.173233328619972,1.30857227923995,1.57289416990087,0.389882566262938
0.174523086752743,1.24324166535903,1.57625911577215,0.384500306283536
0.175647147465497,1.77480355380737,1.57918090821092,0.379776955046806
0.179170642280951,1.66434175920982,1.58827409290233,0.364774571335577
0.179849236970767,1.76546493454815,1.5900139557272,0.361851023532393
0.18015158851631,1.72895041465384,1.59078797468544,0.360544861860602
0.180904836859554,1.91252851339375,1.59271310744149,0.357281280009818
0.1813256572932,1.38012567724356,1.59378665320156,0.355452072086266
0.181834346381947,1.68953635872055,1.59508246743119,0.3532352457102
0.184841447276995,1.69894603431253,1.60270034658216,0.340003672422552
0.187392438063398,1.80453224752282,1.60910604888021,0.328608889879867
0.193062249803916,1.38417484244154,1.62315687001826,0.302723612407806
0.206860312260687,1.71855872729612,1.65627649388839,0.236505734536931
0.209267949918285,1.79912169689975,1.66189950022113,0.224483101643978
0.215833216439933,1.64007154595909,1.6769969564845,0.190992272174319
0.217940885573626,1.61028870541394,1.68177062387604,0.180021244744606
0.2193306714762,1.30468948373942,1.684898912104,0.17272867859759
0.219828721601516,1.64617895834551,1.68601621904224,0.170103997908518
0.22078525996767,1.70143145940507,1.68815651579471,0.165046427772101
0.223462321795523,1.81120533577009,1.69410765013311,0.150775088853049
0.22866605501622,1.46540210003575,1.70551156119816,0.122542023399831
0.229608706431463,1.93575849679298,1.70755419344933,0.117358103170441
0.237397659104317,1.41968321558466,1.72416004222443,0.0737082174214835
0.239261615788564,1.60122389286779,1.72806197999524,0.0630465505229465
0.242402949603274,1.54499711402102,1.73457503850763,0.0448897202835885
0.243125093635172,1.49161262038109,1.73606112992024,0.0406822661386682
0.244341638404876,1.88175315811942,1.73855520858599,0.0335659648994499
0.246255069272593,1.83648804206348,1.74245404052057,0.0223012902906071
0.247392947319895,1.72363351373243,1.74475870774508,0.0155607553965077
0.249340294161811,1.75367618568457,1.74867884747645,0.00395301248761593
0.251134266145527,1.29867593140077,1.7522633860523,0
0.252815236337483,1.68106368333218,1.75559877045242,0
0.256620753789321,1.49341886004558,1.76306617005569,0
0.25713949627243,1.51174250988889,1.76407510291676,0
0.257504732813686,1.97964788295613,1.76478418156895,0
0.258289258927107,1.59848114127636,1.76630367059997,0
0.259007414802909,1.30493024306791,1.76769029552009,0
0.261030470719561,1.41661472097655,1.77157425630194,0
0.268262998433784,1.83441647611777,1.7851918484204,0
0.268332759849727,1.32409160996917,1.78532115936462,0
0.268932350212708,1.66345607390648,1.78643096488711,0
0.270466336747631,1.4685656413937,1.78925718973579,0
0.272873015142977,1.86045991018473,1.79365333099903,0
0.273806400597095,1.99236442512987,1.79534582235663,0
0.279985701898113,2.15878818359703,1.80637483452294,0
0.283315483015031,2.24234034210956,1.81219128039596,0
0.287896011956036,1.98278425588535,1.82004759302338,0
0.288604748668149,1.36338279337726,1.82124819085737,0
0.289594812085852,2.03857849583576,1.82291862759525,0
0.291597502771765,1.7729447771449,1.82627359659614,0
0.291644617682323,2.0147554040675,1.82635213863702,0
0.297298790421337,1.67613529993822,1.83564887854139,0
0.298498334363103,1.80434909534858,1.83758831498222,0
0.301108351675794,1.67992784184223,1.84176844890752,0
0.306635305751115,1.96416643605613,1.85044038007214,0
0.311288907891139,1.83965398716701,1.85755249486032,0
0.31314701680094,1.89069616701309,1.86034385067845,0
0.321649392135441,2.07829019397847,1.87276424269737,0
0.323735091136768,1.8119062131101,1.87572272761375,0
0.325096705229953,2.03193083043602,1.87763534991433,0
0.32876243442297,1.84768647356102,1.88271078454101,0
0.329116947483271,2.04043743540461,1.88319592945026,0
0.330248753773049,1.73242452280865,1.88473805761759,0
0.330271407729015,2.10869363149656,1.88476881986284,0
0.336883616168052,2.08808649823029,1.89357218130235,0
0.339897239813581,1.7056839074333,1.89746842472276,0
0.341219081543386,1.61331664312431,1.8991544797363,0
0.34872950008139,1.99440024598839,1.9084689434175,0
0.355860647978261,1.80907369676388,1.91689538879501,0
0.360852055484429,1.97143695215666,1.92255139814837,0
0.361034968402237,2.07293206692929,1.92275487997213,0
0.361562041565776,2.11995088174047,1.92333972665826,0
0.364311373792589,1.97285547733706,1.92635438687178,0
0.366308010648936,2.12497133645909,1.92850580793342,0
0.374314759625122,1.7061778625469,1.93681288140764,0
0.374835229944438,1.93961544042314,1.93733512134775,0
0.377293557394296,2.31996795820665,1.93977251577221,0
0.378160879947245,1.7191952283912,1.94062091529908,0
0.378922653151676,2.2520960742245,1.94136110432068,0
0.379297163337469,1.90099361585747,1.94172330088647,0
0.382194198900834,1.95198064465256,1.94448717290953,0
0.38540679262951,2.32258091372977,1.94747358729818,0
0.386385173071176,1.94360485190228,1.94836668440773,0
0.392700689379126,2.14439083048054,1.95394743176114,0
0.395081409020349,1.64518388130645,1.95596835706738,0
0.406381368404254,2.04029539775566,1.96494220727256,0
0.414125595707446,1.67347393154792,1.9705023467496,0
0.41887141414918,1.95265881706976,1.97367261023138,0
0.419443474151194,1.91953487697925,1.97404258457268,0
0.426618951372802,1.75833540920006,1.97846088680949,0
0.426648550666869,2.05542312723796,1.97847825952292,0
0.427133962977678,2.33464965351625,1.97876216259465,0
0.430288509232923,1.88811379520996,1.98056123222013,0
0.431353147840127,2.1980235933663,1.98115043875416,0
0.43543240125291,2.12606592360455,1.98332410076814,0
0.444553034380078,2.00394942704513,1.98770253601417,0
0.449538435088471,1.7396367061107,1.98981452186672,0
0.452814399730414,2.42830354236794,1.9910940765088,0
0.453773135319352,1.88185820664811,1.99145230792719,0
0.455674590542912,2.0212574872418,1.99214103230585,0
0.455866114469245,1.66432435875844,1.99220880059183,0
0.463270548731089,2.21220735471752,1.99460378963794,0
0.467193173244596,1.9327576101407,1.99569484847296,0
0.474471249850467,2.12669712225722,1.99739313166321,0
0.475997617002577,2.048656977848,1.99769554244178,0
0.476451281923801,1.87727380655892,1.99778183150787,0
0.479533220408484,1.88227698328148,1.99832444373261,0
0.483790332917124,1.98770145312648,1.99894898677225,0
0.49116392689757,2.27830799829936,1.99968769524851,0
0.495535733178258,1.75954572482543,1.99992028128698,0
0.497010151157156,1.68454587671246,1.99996424321559,0
0.498300540493801,2.10274329375394,1.99998844734955,0
0.499714936129749,1.84876815606177,1.99999967495436,0
0.499738315818831,2.03743427166053,1.99999972608556,0
0.505153484642506,2.08668503445072,1.99989376638416,0
0.506271198159084,2.10559481222342,1.9998426882946,0
0.507633943576366,2.07312337940057,1.99976689162189,0
0.507644610712305,1.95194067165354,1.99976623970823,0
0.511252125492319,2.2355519786959,1.99949355868762,0
0.514086745446548,2.04820209565416,1.9992062544109,0
0.514825034886599,2.29341986687019,1.99912087336244,0
0.515435696812347,2.03197676800267,1.99904695705567,0
0.522105956217274,2.25483784246187,1.99804530679888,0
0.523017632775009,2.06471842195964,1.99788075432574,0
0.526826402638108,1.91774988292206,1.99712137648599,0
0.527187189552933,2.08092546206846,1.99704342689685,0
0.528125774580985,1.99871879057677,1.99683576321688,0
0.533305924618617,1.82100486775207,1.9955628615412,0
0.545292173977941,2.03837596032792,1.99179447590541,0
0.546318960608914,2.08397803529781,1.99141821555244,0
0.548849914222956,1.95522951583893,1.99045474352164,0
0.549630708992481,1.82772460439919,1.99014717089961,0
0.552684429800138,2.09362623129956,1.98889740342654,0
0.552849876461551,1.69730309189199,1.988827562232,0
0.562386995879933,1.7959794194776,1.98443145098031,0
0.563052161131054,1.91348345257338,1.98409769990681,0
0.563325648196042,1.7459024070184,1.9839594491222,0
0.56376312719658,1.92698339337667,1.98373705444045,0
0.566522371023893,1.70449497878936,1.98229909661344,0
0.570575262419879,1.96104098042031,1.98007652933746,0
0.571441561449319,1.60671972761149,1.97958441319073,0
0.573442565277219,1.77626551009002,1.97842475842201,0
0.576407643733546,2.12513350579241,1.97664748791635,0
0.578089498681948,1.78179557359061,1.97560812078241,0
0.580535466549918,2.20078879035943,1.97405615451035,0
0.582664760993794,1.98854196189826,1.97266614915936,0
0.585139601491392,1.83458721522357,1.97100499303155,0
0.588412239449099,2.1102283651607,1.96873310366238,0
0.589793301653117,1.89873562275977,1.96774865191293,0
0.591445512371138,2.22335167133931,1.96655087306872,0
0.593033130047843,2.57389846668328,1.965379346854,0
0.594094479689375,2.18197797871172,1.96458491556794,0
0.596856471151114,1.64102959175351,1.96247529598461,0
0.599214037647471,2.26326664239415,1.96062629893474,0
0.603180225240067,1.53972962868953,1.95741536447764,0
0.603239453164861,1.71283990401471,1.95736646124088,0
0.604744609910995,1.93079378882751,1.95611426677837,0
0.606627052649856,2.11301886440386,1.95452268657282,0
0.607119286200032,1.94403788918272,1.95410183409598,0
0.61234295531176,2.21145407778472,1.94951624156728,0
0.612517818575725,1.97282672070202,1.94935896201184,0
0.614572734804824,2.05917838684281,1.94749235375737,0
0.614952667616308,2.02016948077682,1.94714353683158,0
0.618892042664811,1.79077415869245,1.94345872876396,0
0.620687430491671,1.88423460204983,1.94173817648527,0
0.620896002510563,2.14725005372187,1.94153662630786,0
0.623334121657535,2.30266730849813,1.93915477773986,0
0.624028880149126,2.02143413407567,1.93846734755581,0
0.624787296401337,2.05576334322144,1.93771252262738,0
0.625183940399438,2.11499891267045,1.93731592426428,0
0.62600269773975,2.04851436355636,1.93649328064922,0
0.626171825453639,1.92240545451274,1.93632268184679,0
0.627384270075709,1.95291088754185,1.93509299094912,0
0.63246787013486,1.99873456743789,1.92980905352774,0
0.633275103056803,2.06638695899,1.92895098762079,0
0.634022538550198,1.9195751960297,1.92815183664224,0
0.636745563708246,1.85311005104216,1.92520260322446,0
0.637465685373172,1.63267576924153,1.92441274137954,0
0.639449464157224,2.02029717412535,1.92221538778505,0
0.640197132714093,1.55010479246544,1.92137905591499,0
0.643404898233712,1.71307809065596,1.91774014065032,0
0.643549078609794,2.16536185173694,1.91757464812112,0
0.645709324162453,1.86439342844729,1.91507517140848,0
0.646268329815939,1.74997235553444,1.91442230277142,0
0.647405348019674,1.80982859626106,1.91308665350079,0
0.654402644839138,2.02682374827736,1.90463929306672,0
0.656988337403163,2.01669905151325,1.90141864767756,0
0.660441489890218,1.78433774459817,1.89703411328723,0
0.661777457920834,2.09082138560696,1.89531221643469,0
0.663267271593213,2.21022999715166,1.89337519210603,0
0.668338218471035,1.78625262761433,1.88664897680799,0
0.670521539635956,1.79511397823239,1.88368961808073,0
0.671365594025701,1.73872897850225,1.88253533273687,0
0.676001110812649,1.94944592968276,1.87609443597085,0
0.681026868987828,1.81309361386426,1.86891709081785,0
0.682266709394753,2.51146066102807,1.86711538658563,0
0.6828887257725,2.08761432657649,1.86620685594125,0
0.688588683726266,1.97263917336457,1.85773723348158,0
0.690025073941797,1.54031075448394,1.85556188509366,0
0.691368511412293,1.64868780252472,1.85351237135937,0
0.702187004731968,1.57848541749256,1.83648166047006,0
0.704764224588871,1.37544955156251,1.83228644931407,0
0.705777887254953,2.19350554179846,1.83062184446755,0
0.708863242529333,1.74049417596342,1.82550458368053,0
0.709251319756731,1.77691160158265,1.82485554072026,0
0.709317259257659,1.89127250614818,1.82474513990745,0
0.710536393802613,2.00612322691683,1.82269770753836,0
0.713110101642087,1.79145519720441,1.8183363383124,0
0.71368990605697,1.93874108338675,1.81734649619745,0
0.715076679363847,1.16815919913198,1.81496808797528,0
0.715495698619634,1.84158592301382,1.81424641550574,0
0.719167738920078,1.72351446233607,1.80786200886664,0
0.725263689644635,1.90376052145389,1.79702508051074,0
0.725286199012771,1.98890740720269,1.79698451413751,0
0.730048947269097,1.9295280953748,1.78830992744152,0
0.731307797599584,1.59236087455802,1.78598681107852,0
0.732150776777416,2.02713621413615,1.78442406736657,0
0.734092556405813,1.79104471754369,1.78080270014157,0
0.741180186159909,1.7740652491816,1.76732847121549,0
0.746051284018904,1.54190579633942,1.75783506253059,0
0.747527143452317,1.75698410280006,1.75492125301735,0
0.74943466228433,1.68916303046694,1.75112939700441,0
0.750995154492557,2.001967788235,1.74800572968503,0
0.751761566149071,2.04760393869049,1.74646445524067,0
0.753017348702997,1.67557680794944,1.74392888502122,0
0.753998222062364,1.52445844571803,1.74193961275663,0
0.756357271922752,1.69305453427194,1.7371237965293,0
0.759295949246734,1.98070081990971,1.73106244281694,0
0.759493642952293,2.00453008904588,1.73065219706939,0
0.759856526739895,1.62557400917287,1.72989834204271,0
0.760513518471271,1.6855004564872,1.72853082677488,0
0.766877713613212,1.39010453881642,1.71510514390634,0
0.768010447965935,1.56848360132095,1.7126815991244,0
0.774200903717428,1.75194811093368,1.69925545760218,0
0.775592553429306,1.72936259816875,1.69619497797726,0
0.779327075229958,1.68639661081076,1.68790554017391,0
0.779534813249484,1.50933919480463,1.6874411527263,0
0.781325774500147,1.80574705187433,1.68342323440757,0
0.783536474918947,1.48948371275391,1.67842826956215,0
0.78409033594653,1.78413626592063,1.67717072408715,0
0.792348887538537,1.78982343958304,1.65812851181992,0
0.801869893446565,1.57086884602636,1.63549826972224,0
0.805401287740096,1.50425717953482,1.62692021378676,0
0.808543601073325,1.58817454438248,1.61920338494682,0
0.808970393612981,1.6342753209454,1.61814918348256,0
0.811022512847558,1.28451375756932,1.61305998600796,0
0.815242839744315,1.52557406264195,1.60248780795976,0
0.817274878034368,1.64840957804904,1.59734660707311,0
0.817685385467485,1.49136699584564,1.5963039834415,0
0.81865196954459,1.64597406662828,1.59384368922142,0
0.835870111593977,1.55976552253819,1.5487650725514,0
0.837369189132005,1.55322738265083,1.54472812089765,0
0.838255309034139,1.06713830059519,1.54233338364088,0
0.842255930881947,1.37056505446517,1.53144351110453,0
0.849217602051795,1.35261246172767,1.51218826566878,0
0.85104020871222,1.54088933815137,1.50708308746912,0
0.854722660267726,1.74915659734339,1.49668733717035,0
0.856889296788722,1.20626283234715,1.4905201193506,0
0.858278117375448,1.57620495656936,1.48654716243962,0
0.860199101036415,1.23004299509402,1.48102643045024,0
0.860764352139086,1.84426904790596,1.47939632890266,0
0.862630023853853,1.58728054230697,1.47399786319902,0
0.866034146631137,1.08034516771521,1.46407601400006,0
0.868707610992715,1.73990670365788,1.45621879038418,0
0.869359543547034,1.66276606976127,1.45429411036291,0
0.869802991161123,1.25487050321662,1.45298299091315,0
0.870733560994267,1.32193930777098,1.45022650701004,0
0.874251528643072,1.27707810608951,1.4397431732333,0
0.88165686535649,1.6561439793138,1.41735214850503,0
0.881879064487293,1.39488529416798,1.41667352042524,0
0.881960280705243,1.63145202844606,1.41642537585429,0
0.88236267096363,1.34584975107649,1.41519515141424,0
0.882839204976335,1.20362909048303,1.41373657253235,0
0.892419876763597,1.46818819855124,1.38402656128337,0
0.893660134170204,1.18088345480303,1.38012679506039,0
0.895285839214921,1.79612361161483,1.37499642126462,0
0.895424308953807,1.45449206563171,1.37455846355362,0
0.895638348301873,1.51517911229355,1.37388118941186,0
0.901354663772509,1.04628218652573,1.35565773547223,0
0.901412536157295,1.2836479739007,1.35547190326307,0
0.90361412614584,1.32405702919259,1.34838254870212,0
0.908775622723624,1.27137937733599,1.33160996106765,0
0.915694641182199,1.27948409773918,1.30879186116961,0
0.918584244092926,1.04505519101718,1.29914892238861,0
0.923386796144769,1.06004667966249,1.28297448340107,0
0.926197937922552,1.07058434312718,1.27342127084226,0
0.927715798839927,1.3452972500278,1.26823678169089,0
0.929062927607447,1.39113808765221,1.26362001661171,0
0.93065684242174,1.32819652685753,1.25813873630135,0
0.93344309553504,1.13030622383216,1.24850833173201,0
0.933988051023334,1.29540994566835,1.24661748627587,0
0.934105583000928,1.27269036923521,1.2462093712297,0
0.939659604569897,1.24069475247649,1.22679772843777,0
0.941291014896706,1.18312903025934,1.22104896068574,0
0.943278032587841,1.34853505804164,1.21401834330021,0
0.946531030349433,1.06838303264128,1.20244015574029,0
0.949690781999379,1.43229997100327,1.19111280233915,0
0.95297552132979,1.05400897233462,1.17925270830402,0
0.954458760563284,1.52188575743713,1.17386893978913,0
0.956283911364153,1.04554004154704,1.16721996892092,0
0.976043089292943,0.704608026730717,1.09353190854572,0
0.976569996913895,0.923217821108491,1.09152415216596,0
0.981312093324959,1.42625906501985,1.07335467527658,0
0.983103267848492,0.718803060165508,1.06644493037643,0
0.991098642116413,0.80497616899517,1.03528849484566,0
0.996277743251994,1.17861942152512,1.01483360621083,0
0.996700456133112,0.950224822976232,1.01315462750863,0
0.996821753913537,1.21071921015902,1.01267257935311,0
0.997489601839334,1.33669769578941,1.01001638424696,0
0.999316952656955,0.881501335747006,1.00273032315749,0
0.999459554208443,0.841399583172071,1.00216061483962,0
